,,,,,,,Universe Estimates,,,,,,,,,,,,,,,,,,,,,,
,,,,,,,TV Households and Persons by Age/Sex Therein,,,,,,,,,,,,,,,,,,,,,,
,,,,,,,"Population as of January 1, 2026",,,,,,,,,,,,,,,,,,,,,,
,,,,,,,"Effective September 27, 2025",,,,,,,,,,,,,,,,,,,,,,
,,,,,,,,,,,,,,,,,,,,,,,,,,,,,
,,,,,,,,,,,,,,,,,,,,,,,,,,,,,
DMA,DMA Name,Total HHs,Total TVHHs,Black TV HHs,Hisp TVHHs,TVHHs w/child <18,Children 2-5,Children 6-11,Males 12-14,Males 15-17,Males 18-20,Males 21-24,Males 25-34,Males 35-44,Males 45-49,Males 50-54,Males 55-64,Males 65+,Females 12-14,Females 15-17,Females 18-20,Females 21-24,Females 25-34,Females 35-44,Females 45-49,Females 50-54,Females 55-64,Females 65+,
500,"Portland-Auburn, ME",458900,439280,13240,8420,"101,060","36,916","58,722","16,487","16,713","19,080","21,670","56,774","64,088","29,512","30,276","70,878","115,348","15,628","15,698","19,035","20,936","56,346","64,892","30,246","31,132","75,266","132,867",
501,"New York, NY",8151000,7841830,1400000,1721590,"2,269,150","943,685","1,444,596","394,104","388,586","446,445","506,171","1,349,647","1,403,674","656,652","651,514","1,324,062","1,753,469","375,523","368,226","451,072","499,797","1,379,624","1,420,010","681,231","684,793","1,422,388","2,219,049",
502,"Binghamton, NY",138600,135250,7980,4910,"33,630","12,458","19,677","5,512","5,656","7,186","9,651","18,029","17,691","8,596","8,613","20,783","34,373","5,154","5,143","6,867","8,761","17,609","17,707","8,606","8,686","21,094","38,614",
503,"Macon, GA",266000,260340,108230,10620,"79,680","31,268","48,847","13,382","13,326","14,260","17,019","38,047","37,469","18,087","18,021","37,819","54,217","13,000","12,798","14,300","16,835","40,742","43,165","20,432","19,965","42,380","68,874",
504,"Philadelphia, PA",3283600,3174280,659990,365070,"913,800","363,059","563,702","155,282","155,826","177,291","199,409","496,521","529,742","241,973","237,534","500,235","698,399","148,669","149,103","179,838","196,768","510,992","549,940","255,035","252,152","541,916","869,365",
505,"Detroit, MI",2014500,1971580,438400,85290,"530,390","214,517","333,945","91,547","91,610","102,417","123,675","310,064","306,749","140,890","146,324","311,149","425,611","87,300","86,673","99,830","118,388","306,490","311,025","147,437","153,850","326,611","520,479",
506,"Boston, MA (Manchester, NH)",2718300,2599640,215580,258010,"706,750","265,298","411,202","112,974","115,342","133,730","156,422","427,536","440,264","198,768","197,322","427,187","587,285","107,871","108,753","134,995","155,642","427,986","446,798","204,734","206,601","454,521","711,148",
507,"Savannah, GA",416000,407430,113060,28930,"116,210","48,781","73,143","19,392","19,056","21,332","27,752","64,281","61,893","27,331","26,752","56,006","91,830","18,557","18,019","20,963","26,707","65,852","65,855","29,866","29,221","63,729","111,158",
508,"Pittsburgh, PA",1199300,1163160,106740,23060,"276,480","103,989","162,942","44,819","45,133","53,209","63,874","159,263","174,764","78,457","77,781","172,015","279,214","42,700","42,500","53,063","61,537","155,137","170,195","77,576","77,906","179,564","337,651",
509,"Ft. Wayne, IN",303000,295890,24450,16400,"88,850","39,329","59,348","15,957","15,444","16,725","19,205","46,357","45,448","21,711","21,507","43,652","62,679","15,246","14,718","16,417","18,447","45,834","46,096","21,691","21,401","44,322","73,358",
510,"Cleveland-Akron (Canton), OH",1616600,1562740,261480,67340,"396,150","160,309","249,606","68,849","68,535","74,314","87,437","219,088","223,610","105,010","106,783","230,842","355,364","65,587","64,925","72,907","84,856","219,409","229,919","108,718","110,859","245,890","433,164",
511,"Washington, DC (Hagerstown, MD)",2762700,2692300,711270,339320,"834,850","335,435","523,335","142,971","139,833","147,242","169,905","459,768","507,117","240,260","231,664","440,603","535,703","136,095","131,860","145,674","167,190","475,729","514,330","246,750","237,152","460,534","649,882",
512,"Baltimore, MD",1184500,1162820,366320,72380,"335,660","134,743","209,841","57,153","56,108","59,431","68,532","180,819","198,866","88,946","84,623","181,197","246,493","54,684","53,646","59,201","67,227","192,072","211,599","95,155","91,064","196,757","309,511",
513,"Flint-Saginaw-Bay City, MI",468700,456160,54760,18220,"115,240","46,124","72,261","20,037","19,923","22,475","28,047","63,442","62,389","30,058","31,023","69,870","108,855","18,879","18,683","21,965","27,495","63,003","63,633","31,040","31,943","73,175","128,421",
514,"Buffalo, NY",658100,642520,72930,29650,"160,350","63,630","99,117","27,013","26,388","30,994","35,474","88,944","93,951","41,339","41,753","96,587","148,296","25,980","25,227","31,301","34,777","89,295","96,428","42,810","43,145","101,618","175,955",
515,"Cincinnati, OH",994300,966430,136640,33370,"281,760","116,921","180,259","49,418","49,159","53,396","62,575","150,244","154,277","72,279","71,116","147,278","201,463","47,214","46,484","52,247","60,401","149,567","157,727","74,072","72,535","152,788","239,882",
516,"Erie, PA",157100,153950,9970,4630,"39,640","15,785","24,605","6,772","7,001","8,148","9,228","20,529","21,589","10,083","10,403","23,580","38,749","6,427","6,545","8,075","8,700","19,992","21,751","10,264","10,649","24,336","44,008",
517,"Charlotte, NC",1455900,1431200,321510,130180,"431,060","168,365","259,253","70,561","70,653","75,966","90,349","229,367","234,322","113,037","115,649","221,912","273,847","67,414","67,283","75,586","88,431","237,040","247,942","119,752","121,449","234,525","336,857",
518,"Greensboro-High Point-Winston Salem, NC",786800,773020,181180,65810,"219,130","83,718","129,850","35,630","36,278","38,908","45,908","109,214","107,885","52,171","56,244","118,986","165,596","34,124","34,833","39,033","45,439","114,597","118,259","57,172","60,616","127,922","204,139",
519,"Charleston, SC",416900,404860,99190,22000,"112,760","45,297","68,937","18,416","17,871","18,934","22,480","62,259","67,488","29,922","28,226","57,620","86,472","17,772","17,336","19,157","22,339","64,864","71,988","31,860","30,312","64,688","106,694",
520,"Augusta, GA-Aiken, SC",301300,292290,112600,14170,"87,590","34,929","53,408","14,489","14,317","14,931","17,311","42,991","44,380","19,947","19,573","41,522","63,373","13,916","13,595","14,921","17,033","44,776","48,787","22,256","21,827","47,262","79,616",
521,"Providence, RI-New Bedford, MA",689500,664230,61830,87030,"179,740","65,220","102,154","28,278","28,405","33,112","38,590","101,541","108,459","48,603","48,394","106,889","147,310","26,982","26,912","33,193","37,597","100,460","109,159","50,053","51,058","114,618","179,875",
522,"Columbus, GA (Opelika, AL)",245600,242330,94440,13070,"70,520","28,995","44,461","11,941","11,983","13,789","18,536","38,553","35,993","16,278","16,140","33,215","46,069","11,478","11,317","13,569","17,868","39,948","39,977","18,199","17,962","36,748","58,657",
523,"Burlington, VT-Plattsburgh, NY",387500,364290,6550,7150,"83,990","29,780","48,270","13,966","14,449","16,342","18,939","46,227","51,974","24,909","25,368","58,168","96,296","13,079","13,127","15,956","18,437","45,712","52,477","25,291","25,548","60,319","107,044",
524,"Atlanta, GA",2879500,2803210,954680,271810,"874,620","348,118","548,505","151,847","155,829","166,105","197,763","472,920","488,173","234,875","237,377","451,951","530,266","146,695","150,582","167,025","194,189","498,702","526,611","257,176","256,529","484,757","657,052",
525,"Albany, GA",159000,153010,60450,10190,"51,250","19,750","30,123","8,384","8,415","8,682","9,821","21,372","21,497","10,530","10,758","21,635","30,960","7,917","7,965","8,541","9,585","23,697","24,774","12,009","11,947","24,500","40,089",
526,"Utica, NY",107400,104060,6870,5560,"25,930","10,577","16,413","4,565","4,678","5,830","6,460","13,718","14,244","6,688","6,817","15,900","25,281","4,268","4,866","6,139","6,128","13,653","14,445","6,900","7,036","16,473","30,021",
527,"Indianapolis, IN",1282000,1248430,179840,74770,"368,300","151,741","234,829","64,635","63,304","70,457","85,549","196,789","200,151","94,036","92,830","181,448","241,968","61,311","59,441","68,722","82,753","198,560","207,009","96,631","93,937","188,848","293,274",
528,"Miami-Ft. Lauderdale, FL",1885000,1818820,356780,946260,"535,330","210,168","319,886","86,009","85,828","91,053","109,634","290,594","336,282","163,496","166,197","327,094","408,577","82,157","82,049","90,682","106,921","287,927","331,273","165,194","169,266","339,340","519,402",
529,"Louisville, KY",747200,724710,107420,38890,"210,950","85,209","131,300","35,936","34,883","36,699","42,294","108,806","114,177","54,973","54,481","110,726","152,902","34,028","32,776","35,923","40,751","109,858","116,982","56,287","55,734","116,068","184,939",
530,"Tallahassee, FL-Thomasville, GA",315300,303780,95000,20310,"83,230","33,706","51,758","14,179","14,502","17,710","27,037","44,051","40,806","19,398","19,286","39,759","62,040","13,594","14,098","18,811","29,981","46,807","46,118","21,758","21,424","44,883","77,283",
531,"Tri-Cities, TN-VA",338300,328840,9240,7440,"80,130","29,336","46,134","12,926","13,362","14,382","17,583","43,872","42,867","22,270","24,579","52,699","84,099","12,207","12,553","14,147","17,209","42,485","43,482","22,748","25,172","55,029","98,424",
532,"Albany-Schenectady-Troy, NY",602900,584510,49270,28510,"139,260","52,172","81,989","22,813","22,978","27,456","33,123","79,100","84,757","39,572","39,935","90,848","140,716","21,513","21,474","27,292","32,187","78,219","85,593","40,136","40,832","95,185","163,163",
533,"Hartford & New Haven, CT",1103200,1073870,139000,156180,"286,720","105,285","164,370","45,302","46,618","55,165","64,704","160,421","165,640","75,720","75,964","170,276","245,010","43,365","44,263","55,100","61,924","157,120","170,039","79,998","81,217","183,428","298,223",
534,"Orlando-Daytona Beach-Melbourne, FL",1995800,1967250,277790,435800,"506,890","199,076","313,251","86,031","85,793","93,553","113,584","301,297","319,722","147,522","145,002","302,071","514,097","82,049","80,842","92,192","110,276","302,743","324,960","155,327","153,294","329,555","607,620",
535,"Columbus, OH",1079000,1051690,169380,44140,"314,510","129,463","199,062","53,724","52,095","57,052","66,809","174,173","180,488","82,253","80,084","152,935","197,612","51,538","49,456","55,931","64,309","175,144","182,450","82,982","79,947","156,401","239,049",
536,"Youngstown, OH",268700,264410,28710,8790,"62,470","26,033","40,013","10,842","10,939","12,257","14,385","34,163","33,665","16,713","17,638","39,083","66,300","10,329","10,092","11,779","13,602","34,034","34,494","17,148","18,013","41,089","80,525",
537,"Bangor, ME",154800,147760,2040,2800,"34,480","11,811","18,803","5,304","5,524","6,284","7,341","18,063","19,933","9,591","10,187","23,917","40,403","5,030","5,134","6,211","6,884","17,876","20,371","10,071","10,534","25,242","44,943",
538,"Rochester, NY",453000,443750,57870,31200,"112,990","43,925","68,187","18,584","18,622","21,846","24,982","62,269","65,801","28,672","28,545","66,119","101,014","17,905","17,700","22,204","24,799","63,182","67,665","30,111","30,406","70,958","119,889",
539,"Tampa-St. Petersburg (Sarasota), FL",2337900,2283670,270240,409080,"551,590","215,557","339,390","93,407","93,558","99,840","118,381","310,652","338,839","160,036","161,915","345,781","619,554","89,234","88,336","98,349","114,873","314,956","347,960","166,802","169,456","376,547","729,779",
540,"Traverse City-Cadillac, MI",269700,261850,3930,5570,"61,130","22,609","35,996","10,093","10,460","11,549","13,947","31,285","33,455","16,310","16,994","43,700","80,771","9,518","9,571","10,773","12,431","29,464","32,823","16,235","16,759","43,914","86,025",
541,"Lexington, KY",544000,528190,40650,18970,"157,450","61,116","94,015","25,724","24,965","27,357","34,784","80,920","78,094","39,105","39,917","79,246","109,222","24,297","23,350","26,893","33,951","80,421","80,409","40,348","40,731","83,385","132,010",
542,"Dayton, OH",509200,507360,75240,13860,"136,680","56,943","87,671","23,718","23,243","26,103","30,698","75,259","74,123","33,875","33,965","73,480","110,313","22,502","21,809","25,246","29,012","73,574","75,253","34,803","34,892","76,787","133,610",
543,"Springfield-Holyoke, MA",279200,268690,22890,48410,"68,810","25,097","39,738","11,281","11,820","14,117","17,199","38,845","39,804","18,062","18,156","40,424","62,494","10,594","11,067","14,047","16,677","38,952","41,974","19,895","20,054","44,698","76,924",
544,"Norfolk-Portsmouth-Newport News, VA",792000,783500,256610,50490,"231,050","91,588","139,322","37,199","35,017","38,490","47,343","127,582","129,589","55,075","50,900","110,193","160,873","35,521","33,956","38,549","45,688","126,569","135,770","59,172","55,966","124,412","202,101",
545,"Greenville-New Bern-Washington, NC",328900,320330,85320,23910,"91,300","37,739","55,252","14,766","14,557","17,151","24,489","49,942","44,724","19,933","19,630","41,666","69,327","14,185","13,828","16,893","23,450","49,203","47,746","21,603","21,504","47,704","85,709",
546,"Columbia, SC",467400,455780,176000,22360,"132,240","50,829","78,859","21,627","21,602","24,126","31,565","66,831","65,003","30,623","30,631","63,852","91,392","20,915","20,773","24,095","30,399","70,334","73,591","34,719","34,338","72,017","116,177",
547,"Toledo, OH",437800,425990,49060,25260,"115,790","45,642","71,242","19,644","19,749","21,992","26,798","60,448","61,093","29,088","29,375","61,754","93,981","18,722","18,441","21,276","25,558","59,972","62,260","29,591","29,998","64,422","110,824",
548,"West Palm Beach-Ft. Pierce, FL",982300,972630,145590,176930,"232,120","92,499","141,708","38,171","38,679","42,144","50,644","123,641","136,319","65,668","67,186","148,561","297,861","36,443","36,610","41,413","48,363","122,064","136,814","67,553","70,476","161,592","351,851",
549,"Watertown, NY",96500,93740,3140,3620,"26,470","11,453","17,013","4,620","4,289","5,081","6,061","14,761","14,350","6,213","6,051","13,661","20,948","4,345","4,004","4,921","5,396","13,561","13,802","6,114","6,058","13,925","23,237",
550,"Wilmington, NC",249900,245260,31430,12520,"53,380","20,694","31,818","8,635","9,040","10,055","12,888","31,200","30,833","15,442","16,045","36,486","66,323","8,295","8,904","10,432","13,244","32,178","32,834","16,407","17,205","42,709","78,962",
551,"Lansing, MI",278300,272040,26730,14250,"67,340","28,174","44,108","12,050","12,346","14,847","20,822","41,807","40,038","18,781","18,399","38,536","58,452","11,562","11,771","14,813","20,616","41,548","40,529","18,972","18,902","40,507","68,946",
552,"Presque Isle, ME",29700,28490,290,480,"6,870","2,489","3,866","1,080","1,085","1,216","1,358","3,068","3,341","1,788","1,933","4,800","8,128","1,004",976,"1,151","1,193","2,896","3,315","1,790","1,960","4,686","9,008",
553,"Marquette, MI",93500,90650,780,1270,"20,000","7,648","12,181","3,406","3,784","4,509","6,108","10,565","11,060","5,716","5,650","13,534","25,539","3,276","3,642","4,433","5,945","10,028","10,585","5,408","5,378","13,330","26,629",
554,"Wheeling, WV-Steubenville, OH",129500,126380,5120,1670,"30,300","11,506","18,249","5,117","5,208","5,661","6,709","15,942","15,926","8,128","8,959","20,202","34,534","4,798","4,809","5,334","6,142","15,167","15,976","8,280","8,818","19,828","39,373",
555,"Syracuse, NY",406700,395460,33820,15760,"98,730","39,395","61,233","16,914","16,807","19,864","24,731","55,037","56,942","26,028","25,799","60,338","90,052","16,082","16,046","20,461","25,233","55,112","58,089","26,680","26,887","62,927","104,378",
556,"Richmond-Petersburg, VA",646900,645360,189850,40140,"186,710","71,938","109,476","29,285","28,231","30,931","37,243","100,002","103,686","46,579","45,167","95,137","135,852","27,862","26,915","31,134","37,427","106,314","109,614","49,143","48,094","105,535","170,599",
557,"Knoxville, TN",615300,583690,31460,24390,"157,100","61,381","94,675","26,381","26,296","27,881","34,731","84,320","83,216","41,320","43,832","93,193","141,531","24,941","24,672","27,199","33,173","83,440","85,748","42,802","45,107","98,626","165,635",
558,"Lima, OH",71800,70760,6340,2180,"21,050","8,828","13,617","3,736","3,695","4,046","4,657","10,354","10,052","4,916","4,871","10,520","16,461","3,552","3,422","3,838","4,307","9,708","10,264","5,065","4,904","10,826","18,961",
559,"Bluefield-Beckley-Oak Hill, WV",122500,117560,6910,1450,"31,330","11,268","18,225","5,213","5,187","5,295","6,043","14,621","14,859","8,278","8,790","17,333","32,115","4,988","4,947","5,250","5,768","14,332","15,428","8,546","9,014","18,373","37,687",
560,"Raleigh-Durham (Fayetteville), NC",1413100,1375650,375050,130080,"413,090","166,242","254,017","68,808","67,650","72,133","86,239","222,476","230,647","105,961","104,943","200,517","260,147","66,350","64,626","71,967","84,687","229,572","243,180","113,645","112,295","217,000","327,794",
561,"Jacksonville, FL",882000,845890,183040,79200,"248,720","99,983","156,377","43,091","41,647","42,901","49,024","126,359","139,227","64,109","63,125","129,369","186,377","41,312","39,585","42,458","47,718","130,485","147,859","68,120","66,721","140,683","226,868",
563,"Grand Rapids-Kalamazoo-Battle Creek, MI",830000,808010,67980,52320,"235,850","97,302","151,879","42,057","41,915","46,977","57,771","133,787","132,948","60,747","58,387","121,627","177,750","39,954","39,732","46,137","56,119","131,660","132,997","61,019","58,560","124,549","206,617",
564,"Charleston-Huntington, WV",436100,424630,15240,4800,"117,020","43,032","68,298","19,153","19,391","20,752","24,570","56,804","57,494","30,665","32,065","64,786","103,681","18,177","18,099","20,075","23,332","55,082","58,788","31,790","32,955","68,376","123,401",
565,"Elmira (Corning), NY",97800,94730,3720,1950,"24,740","9,514","14,830","4,153","4,071","4,607","5,081","11,786","12,789","6,196","6,382","14,794","23,919","3,901","3,823","4,573","4,878","11,580","12,991","6,336","6,466","15,262","26,769",
566,"Harrisburg-Lancaster-Lebanon-York, PA",835800,809240,63450,63890,"230,340","95,143","147,278","40,673","40,327","45,901","50,249","118,816","128,920","60,056","60,537","128,932","194,846","38,487","37,945","45,779","48,467","117,928","129,785","60,574","60,797","132,642","230,587",
567,"Greenville-Spartanburg, SC-Asheville, NC-Anderson, SC",1043800,992700,141460,62440,"277,670","105,447","164,373","45,699","45,113","47,079","56,532","139,499","146,541","70,335","73,179","151,666","233,906","43,691","43,071","46,592","54,480","143,879","154,990","74,058","76,242","163,135","284,796",
569,"Harrisonburg, VA",106900,102580,7410,7650,"28,430","11,235","17,063","4,621","4,543","5,332","7,708","14,446","15,603","7,597","7,417","15,453","24,558","4,429","4,441","5,525","7,986","14,639","15,664","7,513","7,359","16,002","29,073",
570,"Myrtle Beach-Florence, SC",361900,352810,86700,16770,"91,000","35,639","54,638","14,948","15,530","16,303","18,846","42,665","43,695","22,245","23,592","53,343","92,261","14,481","14,713","16,132","18,459","45,930","48,989","24,909","26,326","62,577","110,457",
571,"Ft. Myers-Naples, FL",686500,674610,44260,126350,"131,050","55,136","84,523","22,978","23,562","25,646","31,095","75,577","81,804","39,959","42,034","102,865","250,950","21,941","22,211","25,040","29,482","73,339","80,587","40,524","44,263","113,421","272,688",
573,"Roanoke-Lynchburg, VA",477400,465730,76180,15600,"116,050","43,731","67,945","18,627","19,010","22,070","30,767","62,003","60,738","29,255","31,566","71,297","114,112","18,063","18,078","21,673","29,011","61,801","62,716","30,230","32,756","75,201","137,878",
574,"Johnstown-Altoona-State College, PA",296900,288270,7760,4890,"68,150","26,192","41,105","11,531","11,728","15,158","21,057","37,911","37,632","18,446","19,921","45,106","74,265","10,847","11,062","14,896","19,516","36,024","37,178","18,471","19,747","45,249","85,226",
575,"Chattanooga, TN",413000,402660,40270,29520,"110,980","46,032","70,211","19,100","19,034","20,160","23,952","61,310","62,311","30,030","31,227","64,211","93,116","18,103","18,020","19,979","23,211","61,628","64,511","31,270","32,298","67,454","111,213",
576,"Salisbury, MD",206500,204300,33480,11600,"45,010","20,116","30,449","8,187","8,163","8,923","10,918","24,114","23,901","11,351","11,839","31,886","64,191","7,829","7,797","9,059","11,246","25,028","25,890","12,323","12,980","36,968","74,985",
577,"Wilkes Barre-Scranton-Hazleton, PA",612300,596340,33560,50080,"155,530","59,079","92,852","25,667","26,341","30,783","35,178","80,861","86,616","41,124","43,330","98,861","151,806","24,593","24,743","30,705","33,956","77,049","84,669","41,384","43,590","99,829","175,648",
581,"Terre Haute, IN",145700,140700,4110,2820,"40,040","16,380","25,210","6,942","6,872","7,585","9,372","20,536","20,152","9,887","9,945","21,055","32,139","6,543","6,272","7,064","8,341","19,444","19,682","9,684","9,839","21,424","38,305",
582,"Lafayette, IN",78300,73070,6240,5880,"19,000","8,283","12,632","3,501","3,464","5,477","10,834","12,673","10,889","4,852","4,599","8,547","11,599","3,304","3,200","4,703","8,275","11,963","10,521","4,866","4,685","8,910","14,087",
583,"Alpena, MI",18300,17860,100,290,"3,730","1,407","2,150",571,576,645,724,"1,861","2,057","1,035","1,035","2,916","5,639",558,550,609,689,"1,759","1,933",995,"1,057","3,041","5,968",
584,"Charlottesville, VA",106000,100880,12310,5390,"28,130","10,758","16,537","4,457","4,304","4,740","6,387","14,423","15,909","7,225","7,029","14,871","24,172","4,308","4,156","4,911","6,660","15,119","16,557","7,564","7,326","16,245","29,579",
588,"South Bend-Elkhart, IN",351900,344060,33440,28700,"97,590","44,149","67,673","18,561","18,504","20,120","23,082","52,889","52,716","25,174","25,235","52,344","78,318","17,614","17,600","19,635","21,977","51,486","52,527","25,480","25,424","53,377","90,983",
592,"Gainesville, FL",155800,148980,25690,15450,"33,750","14,182","22,055","6,092","6,894","8,825","14,384","22,938","20,939","9,391","8,925","18,290","31,001","5,842","6,330","9,352","16,751","23,808","22,736","10,062","9,582","20,350","37,317",
596,"Zanesville, OH",35300,34450,2460,390,"10,390","3,995","6,189","1,701","1,600","1,743","2,000","5,067","4,928","2,426","2,462","5,298","7,607","1,621","1,548","1,728","1,917","5,009","5,107","2,469","2,568","5,552","9,313",
597,"Parkersburg, WV",62800,61670,1380,790,"15,470","5,946","9,392","2,609","2,569","2,768","3,225","8,007","8,217","4,210","4,394","9,475","15,377","2,482","2,444","2,722","3,103","7,807","8,307","4,341","4,467","9,746","18,290",
598,"Clarksburg-Weston, WV",103800,101020,2360,1370,"26,110","10,014","15,642","4,342","4,430","4,749","5,781","13,856","13,960","7,306","7,697","16,240","26,303","4,171","4,152","4,554","5,285","13,260","13,820","7,293","7,598","16,204","29,519",
600,"Corpus Christi, TX",217900,214590,8040,123930,"68,150","28,842","44,461","12,132","12,380","13,470","16,394","36,245","37,067","17,340","16,026","30,661","46,286","11,438","11,438","12,941","15,474","35,009","36,355","17,241","16,280","32,592","54,256",
602,"Chicago, IL",3773400,3751900,686260,687270,"1,063,710","420,740","668,110","184,069","187,196","211,251","251,676","633,113","658,608","308,367","297,737","579,064","760,444","176,235","178,243","208,774","246,547","638,505","661,502","312,891","303,960","604,594","932,132",
603,"Joplin, MO-Pittsburg, KS",160200,155480,4710,8010,"46,840","19,995","30,550","8,482","8,260","9,073","10,984","23,274","23,363","11,306","11,173","23,119","34,337","7,902","7,802","8,805","10,354","22,538","23,574","11,385","11,147","23,526","41,068",
604,"Columbia-Jefferson City, MO",198000,194040,15110,5710,"54,100","22,052","33,870","9,214","9,313","11,073","15,068","28,784","28,414","13,613","13,201","27,256","40,618","8,710","8,571","10,917","15,393","29,511","29,615","13,923","13,309","28,343","47,543",
605,"Topeka, KS",185000,178230,13690,15840,"49,090","21,663","33,112","9,030","8,977","10,765","15,176","27,859","26,717","12,359","11,253","23,394","38,113","8,628","8,371","10,254","14,046","25,828","26,198","12,046","11,097","24,112","44,352",
606,"Dothan, AL",128000,126240,28850,5540,"37,280","15,046","22,685","6,148","5,986","6,392","7,436","17,660","17,957","8,703","8,790","18,238","27,915","5,802","5,605","6,266","7,116","18,119","19,451","9,505","9,597","19,741","34,654",
609,"St. Louis, MO",1299700,1260410,220250,37220,"353,410","135,973","214,969","59,655","59,232","63,699","72,743","181,261","196,775","92,665","88,507","187,529","273,508","56,761","55,504","61,891","69,826","184,183","204,292","96,351","92,655","199,798","333,705",
610,"Rockford, IL",188400,184550,21540,20760,"52,020","21,057","33,085","9,145","9,149","9,975","11,515","25,924","26,287","12,922","13,310","28,722","42,812","8,724","8,691","9,820","11,154","26,418","27,412","13,184","13,473","29,316","50,032",
611,"Rochester, MN-Mason City, IA-Austin, MN",157800,154050,6900,7660,"43,240","18,222","28,185","7,729","7,701","8,269","9,197","21,506","23,621","11,345","10,381","22,061","35,373","7,453","7,223","7,974","8,793","21,806","23,389","10,997","10,174","22,161","40,850",
612,"Shreveport, LA",383700,375360,120930,24190,"110,800","46,249","71,720","19,534","19,318","20,391","23,644","52,275","53,599","25,699","25,108","52,671","80,882","18,889","18,483","20,229","22,957","54,500","59,049","28,285","27,494","57,260","99,906",
613,"Minneapolis-St. Paul, MN",1968100,1921880,166920,91430,"545,100","230,237","360,162","98,839","97,225","105,811","121,078","297,746","333,352","153,618","143,342","298,257","417,277","94,461","92,051","103,220","116,338","290,618","326,142","150,465","139,749","297,485","473,881",
616,"Kansas City, MO",1069900,1050260,133020,82820,"307,880","126,045","196,058","53,513","52,795","59,241","71,909","166,855","175,923","81,054","76,616","149,691","208,009","51,353","50,110","58,053","69,122","167,177","177,380","82,271","77,141","155,482","250,783",
617,"Milwaukee, WI",969500,957240,131010,87540,"253,850","103,478","161,423","44,378","44,344","49,304","57,954","141,836","145,538","68,696","66,441","143,058","202,141","42,258","41,803","48,072","55,928","143,441","149,726","70,650","67,824","147,584","236,887",
618,"Houston, TX",2960300,2919480,614860,938530,"1,033,600","431,497","673,685","183,691","180,789","193,730","226,203","531,833","577,406","269,637","251,588","443,185","524,905","176,466","171,577","191,720","219,805","544,794","589,966","273,416","256,590","461,218","619,938",
619,"Springfield, MO",467500,456300,12020,16590,"122,550","51,205","78,984","21,752","21,513","23,927","29,056","63,705","64,295","31,342","31,015","68,193","113,379","20,457","20,091","23,236","27,980","62,638","65,281","31,577","31,408","70,887","129,642",
622,"New Orleans, LA",696400,685140,209010,59260,"196,360","80,781","123,272","33,036","32,351","34,364","39,789","96,323","108,943","50,419","47,301","100,290","148,110","31,358","30,655","34,084","39,132","103,226","118,519","53,902","50,687","109,381","179,366",
623,"Dallas-Ft. Worth, TX",3381300,3298630,627210,755530,"1,122,790","460,928","714,970","195,744","195,097","206,863","242,167","608,592","641,659","292,911","280,222","515,561","585,596","187,606","186,140","206,119","237,410","615,756","655,397","301,689","290,308","528,160","700,266",
624,"Sioux City, IA",162500,158350,5020,16270,"46,210","21,247","32,462","8,914","8,800","9,462","10,646","22,976","24,721","11,867","11,046","23,477","37,876","8,451","8,355","9,192","10,023","21,659","23,038","11,259","10,643","22,875","42,007",
625,"Waco-Temple-Bryan, TX",437000,423980,80170,90010,"136,070","59,926","90,255","23,837","23,355","28,112","41,744","77,736","72,052","31,425","28,353","53,913","75,886","23,003","22,731","28,122","39,853","75,685","73,499","32,662","29,818","58,063","91,473",
626,"Victoria, TX",35100,34250,2370,14690,"11,660","4,886","7,341","1,955","1,924","2,040","2,370","5,642","5,822","2,617","2,321","4,678","7,518","1,910","1,849","2,042","2,349","5,670","5,871","2,708","2,450","5,013","8,875",
627,"Wichita Falls, TX & Lawton, OK",163000,158950,17240,21670,"49,860","20,299","30,959","8,314","7,883","8,338","9,735","24,790","25,081","11,159","10,376","22,023","33,668","8,049","7,610","8,338","9,423","24,322","25,743","11,335","10,634","23,022","39,862",
628,"Monroe, LA-El Dorado, AR",176500,172080,59830,4710,"50,540","20,798","32,371","8,900","8,812","9,583","12,005","23,986","23,451","11,884","11,701","23,753","36,680","8,532","8,279","9,412","11,433","24,653","25,845","12,716","12,394","26,090","45,509",
630,"Birmingham (Anniston and Tuscaloosa), AL",791300,777400,210730,30390,"229,440","89,337","137,862","37,396","37,719","41,268","51,035","115,592","115,117","55,548","56,636","113,004","161,180","35,932","36,005","41,310","50,657","120,711","124,992","60,355","60,235","121,811","202,681",
631,"Ottumwa, IA-Kirksville, MO",49700,48490,1480,2550,"13,430","5,819","8,614","2,287","2,236","2,644","3,596","6,810","6,691","3,356","3,368","6,941","11,843","2,140","2,148","2,657","3,642","6,331","6,368","3,143","3,120","6,944","13,222",
632,"Paducah, KY-Cape Girardeau, MO-Harrisburg, IL",383400,372060,29930,9290,"103,720","40,211","62,205","17,191","17,047","18,902","23,536","49,244","49,781","25,349","25,855","54,244","85,927","16,184","16,039","18,474","22,728","49,018","51,729","25,924","26,292","56,866","102,845",
633,"Odessa-Midland, TX",176000,170840,9850,89760,"63,800","29,781","45,708","11,779","11,421","11,760","13,226","34,073","36,711","15,020","13,096","23,019","28,197","11,376","10,797","11,609","12,620","31,638","33,952","14,359","12,538","22,868","32,478",
634,"Amarillo, TX",206400,200210,11800,65840,"64,650","28,335","43,399","11,800","11,923","12,496","14,765","33,491","33,629","15,533","14,312","27,368","40,394","11,348","11,410","12,336","13,960","32,269","32,845","15,207","14,140","27,747","46,724",
635,"Austin, TX",1097900,1074520,93640,269710,"307,420","125,431","191,371","51,409","50,335","55,446","69,797","217,142","230,017","94,029","89,462","147,848","178,634","48,801","47,185","54,676","68,270","202,768","213,641","93,278","85,005","147,435","209,090",
636,"Harlingen-Weslaco-Brownsville-McAllen, TX",446600,433730,5430,384600,"182,740","85,363","136,924","37,122","37,439","39,029","44,525","95,522","84,074","40,618","38,544","62,512","81,892","35,553","36,508","39,253","43,101","93,979","83,847","42,245","41,766","71,624","103,605",
637,"Cedar Rapids-Waterloo-Iowa City & Dubuque, IA",379100,369900,24130,12760,"98,210","41,873","63,775","17,284","17,723","20,709","27,414","54,108","55,023","26,635","24,946","52,374","80,941","16,537","16,712","20,370","26,956","52,403","53,625","25,734","24,212","52,395","92,591",
638,"St. Joseph, MO",47500,46460,2370,2360,"13,160","5,488","8,390","2,308","2,253","2,450","2,828","6,485","6,830","3,373","3,317","6,798","10,338","2,124","2,080","2,334","2,639","6,487","6,983","3,371","3,256","7,156","12,491",
639,"Jackson, TN",103500,100820,22410,3140,"30,340","11,526","17,926","4,973","4,967","5,204","5,866","13,555","13,631","6,861","7,117","15,166","21,956","4,675","4,771","5,191","5,821","14,229","15,121","7,468","7,577","16,438","27,428",
640,"Memphis, TN",701600,679040,299950,33650,"210,770","88,176","134,645","36,474","35,572","37,359","43,894","103,360","100,992","47,643","47,963","96,053","129,265","35,284","34,213","37,731","44,265","111,816","114,827","54,261","53,800","108,038","166,768",
641,"San Antonio, TX",1143700,1112950,99140,556310,"366,940","154,307","239,855","65,254","65,099","69,099","81,787","205,491","216,517","97,334","89,305","162,672","212,585","62,737","61,455","67,833","78,349","200,194","211,964","97,779","92,110","172,826","258,755",
642,"Lafayette, LA",252600,245270,68630,10850,"77,400","32,954","49,742","13,278","12,845","13,358","15,471","37,076","39,385","17,910","16,729","34,681","48,700","12,853","12,257","13,285","14,986","38,117","41,523","19,027","17,806","38,332","58,792",
643,"Lake Charles, LA",103800,100470,22520,4190,"32,710","13,899","21,188","5,746","5,426","5,647","6,474","15,787","16,374","7,565","7,272","14,477","21,043","5,422","5,134","5,586","6,290","15,926","17,218","7,898","7,399","15,765","25,586",
644,"Alexandria, LA",89900,88440,23250,3460,"27,530","11,880","17,940","4,828","4,551","4,896","5,790","13,417","12,994","6,009","5,643","11,765","17,603","4,573","4,297","4,804","5,547","13,607","14,152","6,522","6,166","13,356","21,825",
647,"Greenwood-Greenville, MS",61200,59420,37990,980,"18,350","7,585","11,526","3,107","3,103","3,244","3,733","8,160","7,649","3,706","3,713","7,851","11,736","3,053","3,059","3,331","3,747","8,881","8,935","4,492","4,538","9,634","16,250",
648,"Champaign & Springfield-Decatur, IL",389100,376890,44410,13860,"93,560","39,429","61,323","16,824","16,703","20,038","28,231","51,135","52,099","25,467","24,651","51,051","81,101","15,962","15,813","19,442","26,458","51,026","53,766","26,045","24,973","53,565","97,728",
649,"Evansville, IN",300000,294650,19490,8090,"83,860","33,550","52,380","14,491","14,228","15,325","17,614","41,431","43,223","21,407","21,132","44,529","66,866","13,649","13,404","14,926","16,726","41,082","43,762","21,394","21,099","45,596","79,047",
650,"Oklahoma City, OK",790000,777860,88140,87550,"238,840","98,703","154,254","42,389","42,157","46,989","59,753","129,407","130,547","60,063","55,021","104,989","150,178","40,507","39,833","46,164","57,220","128,810","134,506","61,541","55,869","110,545","181,445",
651,"Lubbock, TX",183600,178460,12310,66810,"56,570","24,905","37,772","10,289","10,396","12,591","18,855","31,063","29,217","12,963","11,433","21,826","31,325","9,804","9,846","12,436","18,199","30,799","29,621","13,457","12,175","23,703","37,964",
652,"Omaha, NE",478800,465140,39130,44400,"145,590","61,512","95,369","26,116","25,173","26,997","30,513","73,778","80,722","37,200","34,272","67,604","93,866","24,889","23,761","26,252","28,991","72,247","78,904","36,594","33,550","67,896","109,888",
656,"Panama City, FL",175900,172130,19150,10720,"47,460","19,272","29,517","7,963","7,701","8,183","9,619","23,574","25,087","12,495","12,695","28,268","42,791","7,608","7,235","7,974","9,100","23,558","26,716","12,780","13,138","30,500","49,530",
657,"Sherman, TX-Ada, OK",147200,143060,8960,12720,"44,540","18,685","28,685","7,856","7,522","7,847","8,999","21,416","22,091","10,501","10,292","21,167","32,087","7,429","7,176","7,790","8,770","21,732","22,949","10,744","10,604","22,601","38,475",
658,"Green Bay-Appleton, WI",493600,486150,12190,22040,"126,230","49,371","78,203","21,867","22,136","24,495","28,619","67,172","71,963","35,570","34,629","79,027","115,291","20,658","20,795","23,649","26,837","64,146","69,266","33,958","33,253","77,743","127,871",
659,"Nashville, TN",1288500,1249620,174970,86830,"376,320","158,060","238,936","64,000","62,682","66,964","80,562","217,206","212,235","98,779","96,419","185,551","238,248","61,366","59,317","66,033","77,883","223,203","219,535","101,560","98,655","195,027","288,186",
661,"San Angelo, TX",59800,59180,2190,21020,"16,360","7,406","11,252","3,028","2,980","3,255","3,922","9,463","9,952","4,173","3,716","7,800","13,586","2,891","2,891","3,257","3,809","9,121","9,617","4,120","3,793","8,314","15,678",
662,"Abilene-Sweetwater, TX",124000,120420,7860,25400,"36,510","15,510","23,530","6,327","6,337","7,031","9,201","18,556","18,429","8,531","7,963","16,373","26,646","6,091","5,910","6,795","8,577","18,191","18,781","8,607","8,114","17,156","31,226",
669,"Madison, WI",453300,441730,22450,23330,"111,050","43,906","68,720","19,071","19,132","23,366","33,149","70,147","69,336","32,568","30,247","61,683","90,680","17,947","17,972","22,670","31,577","67,306","67,083","31,523","29,675","62,735","102,953",
670,"Ft. Smith-Fayetteville-Springdale-Rogers, AR",373300,362960,15960,42760,"118,720","48,832","74,105","20,117","19,771","21,780","27,767","62,682","64,763","29,839","27,945","52,597","69,898","19,048","18,799","21,325","26,213","61,607","63,119","29,295","27,784","53,634","82,991",
671,"Tulsa, OK",587600,571880,53610,47210,"174,560","71,910","112,183","31,034","30,312","31,918","36,984","88,171","91,864","43,296","41,392","81,933","121,521","29,419","28,637","31,370","35,588","88,367","94,331","44,156","42,318","86,463","145,772",
673,"Columbus-Tupelo-West Point, MS",197300,191930,60140,4600,"57,870","22,803","34,268","9,196","9,319","10,718","14,783","27,753","26,612","12,733","12,770","26,786","38,258","8,830","8,657","10,174","13,312","28,492","28,530","13,699","13,777","29,044","48,292",
675,"Peoria-Bloomington, IL",257100,249310,25210,9280,"65,930","27,188","42,938","11,909","11,574","13,174","16,857","35,003","36,560","17,951","17,196","34,591","52,981","11,330","10,999","12,992","16,438","34,981","36,912","18,080","17,488","36,052","62,963",
676,"Duluth, MN-Superior, WI",185200,179320,2650,2640,"40,910","15,447","24,454","6,890","7,285","8,213","10,438","22,101","23,689","11,896","11,599","27,082","49,196","6,492","6,830","7,990","9,922","21,189","22,733","11,290","11,033","26,952","51,711",
678,"Wichita-Hutchinson, KS Plus",479200,461590,29550,59340,"138,960","58,545","90,844","25,575","25,537","27,316","31,284","70,883","71,369","33,925","31,762","65,641","101,744","24,249","24,061","26,448","29,386","68,127","71,203","33,500","31,566","66,463","116,414",
679,"Des Moines-Ames, IA",506500,493100,25590,30170,"143,320","59,697","92,223","25,075","24,642","27,997","35,157","76,904","81,276","37,860","35,315","69,695","98,808","24,006","23,213","26,823","32,440","73,482","77,742","36,580","34,050","69,717","115,306",
682,"Davenport, IA-Rock Island-Moline, IL",313700,302600,22300,20720,"83,310","32,427","51,155","14,236","14,275","15,169","17,329","39,059","42,372","21,486","21,046","44,821","73,679","13,627","13,375","14,642","16,157","38,244","42,619","21,333","20,932","45,715","84,715",
686,"Mobile, AL-Pensacola (Ft. Walton Beach), FL",634700,615520,127480,30080,"174,180","72,709","111,119","30,066","29,464","31,088","36,557","92,123","94,109","43,476","42,893","91,583","138,056","28,857","28,022","30,684","35,090","93,748","100,358","46,778","46,473","101,193","167,530",
687,"Bismarck-Minot-Dickinson(Williston),ND",172200,163800,4660,7120,"48,470","22,109","34,432","9,249","8,581","8,920","10,056","25,908","28,903","12,364","11,001","22,896","35,752","8,820","8,196","8,569","9,044","23,481","25,814","11,281","10,076","21,793","37,768",
691,"Huntsville-Decatur (Florence), AL",473100,460320,75800,27420,"132,010","53,552","81,693","22,153","22,219","23,750","28,454","70,484","70,040","33,278","34,024","72,370","97,442","21,382","21,220","23,545","27,635","69,382","71,661","34,388","35,259","75,513","117,661",
692,"Beaumont-Port Arthur, TX",176900,171260,43020,23010,"57,620","23,201","35,607","9,786","9,406","9,789","11,271","26,390","26,879","12,799","12,367","24,890","36,488","9,317","8,892","9,547","10,556","25,916","27,858","13,210","12,704","26,356","44,038",
693,"Little Rock-Pine Bluff, AR",607300,589210,127890,28730,"168,180","66,696","103,401","28,488","28,156","29,908","35,801","82,658","84,190","41,043","40,783","83,574","128,202","27,118","26,366","29,550","35,342","86,054","90,720","43,567","43,050","89,958","155,939",
698,"Montgomery-Selma, AL",240700,234560,113230,6670,"67,850","27,562","41,919","11,290","11,172","11,924","14,413","31,475","30,844","14,444","14,854","31,946","47,844","10,788","10,438","11,842","14,417","35,280","37,005","17,762","17,895","37,408","62,092",
702,"La Crosse-Eau Claire, WI",233500,228200,3750,5990,"58,690","24,613","38,344","10,517","10,767","12,777","17,268","32,607","33,048","16,088","15,431","34,306","54,450","10,160","10,341","12,725","16,961","30,905","31,699","15,194","14,601","33,516","59,212",
705,"Wausau-Rhinelander, WI",199500,196270,2370,4840,"44,320","17,895","28,458","7,976","8,194","9,153","11,004","24,052","25,553","12,934","13,088","33,527","53,518","7,538","7,672","8,766","10,162","22,658","24,366","12,345","12,555","32,287","56,242",
709,"Tyler-Longview(Lufkin & Nacogdoches), TX",306800,299690,51480,43210,"96,320","39,421","60,277","16,427","16,300","17,336","20,550","44,488","43,827","21,307","20,900","43,153","68,195","15,722","15,355","17,233","20,282","46,676","47,508","22,426","22,003","46,118","81,218",
710,"Hattiesburg-Laurel, MS",117500,114020,36920,3520,"34,720","14,629","22,148","6,036","5,912","6,320","7,662","17,049","16,945","8,231","7,983","15,883","23,111","5,767","5,752","6,595","8,110","18,293","19,040","8,993","8,504","17,319","28,330",
711,"Meridian, MS",66800,65250,27340,1080,"18,340","8,022","11,967","3,124","3,279","3,450","4,037","8,866","8,435","4,183","4,317","9,081","14,319","3,170","3,167","3,512","4,019","9,473","9,480","4,747","4,909","10,359","18,172",
716,"Baton Rouge, LA",371000,361910,131360,19820,"107,300","45,932","70,567","18,901","18,442","20,721","27,406","56,339","56,529","26,253","24,553","49,212","69,607","18,340","17,830","21,371","28,502","58,863","61,284","28,535","26,532","54,440","87,228",
717,"Quincy, IL-Hannibal, MO-Keokuk, IA",102200,99950,3940,1870,"25,730","10,911","17,014","4,726","4,636","5,107","6,122","12,922","13,736","6,836","6,691","15,015","24,700","4,367","4,357","4,908","5,680","12,420","13,691","6,632","6,545","15,115","28,173",
718,"Jackson, MS",348300,336750,161120,8380,"99,890","40,825","61,855","16,875","17,275","17,963","20,584","46,774","47,862","24,275","23,653","47,467","68,928","16,277","16,458","17,967","20,756","51,161","54,176","27,092","26,610","53,805","88,583",
722,"Lincoln & Hastings-Kearney, NE",306800,299720,9760,24850,"81,440","36,583","56,200","15,419","15,284","17,728","23,091","45,083","45,287","21,810","20,326","40,889","66,542","14,519","14,114","16,944","21,884","43,139","43,160","20,946","19,399","40,515","75,477",
724,"Fargo, ND",279200,269910,11950,8970,"71,220","31,100","48,056","13,052","12,737","14,908","20,128","41,505","42,154","19,086","17,112","36,205","57,837","12,486","12,028","14,588","19,509","37,991","38,380","17,336","15,877","34,460","62,618",
725,"Sioux Falls(Mitchell), SD",296600,277100,8250,13290,"81,240","37,336","57,389","15,880","15,094","15,721","18,260","40,666","45,088","21,132","19,330","40,399","62,690","14,953","14,123","15,044","17,013","38,370","41,922","19,729","18,242","39,053","68,279",
734,"Jonesboro, AR",91900,89780,10150,3240,"29,620","11,580","17,657","4,783","4,645","4,896","5,663","14,068","14,151","6,655","6,534","12,792","17,726","4,584","4,335","4,734","5,434","14,477","14,814","6,829","6,694","13,403","21,899",
736,"Bowling Green, KY",98700,94860,8590,3980,"30,100","12,529","18,727","4,956","4,822","5,456","7,408","15,474","14,722","7,316","7,211","14,144","18,796","4,857","4,573","5,363","7,103","15,145","14,923","7,476","7,255","14,650","22,383",
737,"Mankato, MN",57800,56260,2260,3130,"14,090","6,185","9,428","2,636","2,670","3,366","5,480","7,947","8,160","3,929","3,434","7,223","12,266","2,456","2,606","3,475","5,277","7,149","7,737","3,706","3,366","7,248","13,933",
740,"North Platte, NE",14800,14500,200,1080,"4,130","1,510","2,389",678,690,737,833,"1,750","1,988","1,074","1,050","2,059","3,555",636,678,755,802,"1,670","1,995","1,068","1,012","1,986","4,095",
743,"Anchorage, AK",177500,167100,9380,11070,"51,010","22,009","34,315","9,548","9,149","9,017","10,900","30,337","32,192","13,904","12,813","24,789","34,085","9,157","8,432","8,370","9,521","27,888","31,859","13,379","12,260","24,630","35,948",
744,"Honolulu, HI",488500,469130,17400,38770,"143,540","61,465","95,092","26,216","24,394","24,513","29,401","80,440","91,943","42,682","40,554","81,216","140,901","24,475","22,947","23,663","27,852","78,110","90,931","42,758","40,853","83,801","163,253",
745,"Fairbanks, AK",40300,37960,2220,2670,"10,470","5,381","7,771","2,062","1,871","1,967","2,718","8,513","7,476","2,949","2,522","4,891","7,263","1,972","1,699","1,769","2,099","6,703","6,705","2,610","2,312","4,523","6,792",
746,"Biloxi-Gulfport, MS",150900,146980,36180,8330,"44,810","17,592","27,354","7,547","7,609","7,973","9,277","21,453","22,610","10,890","10,721","22,676","31,940","7,184","7,212","7,906","9,024","23,019","25,463","11,944","11,693","24,168","37,879",
747,"Juneau, AK",28500,26840,580,1240,"6,950","2,518","4,164","1,217","1,207","1,182","1,415","3,906","4,685","2,136","2,101","4,509","6,923","1,137","1,119","1,121","1,263","3,604","4,534","2,008","1,958","4,158","6,788",
749,"Laredo, TX",86700,84710,890,80440,"39,110","17,751","28,471","7,546","7,509","7,893","8,969","19,580","17,150","8,241","7,927","12,728","14,185","7,326","7,349","7,915","8,571","19,035","16,717","8,366","8,471","14,462","17,945",
751,"Denver, CO",1892900,1853860,98860,325140,"500,970","199,950","310,938","85,051","87,372","94,240","123,559","355,936","364,857","156,236","148,473","266,912","364,295","81,479","82,326","91,115","116,791","333,992","339,975","151,971","140,799","267,313","417,022",
752,"Colorado Springs-Pueblo, CO",402500,387840,26730,75840,"115,430","47,313","72,707","19,982","19,683","20,197","24,869","72,854","71,356","30,615","28,122","55,522","82,903","18,905","18,388","19,235","23,035","66,125","68,362","29,824","27,897","58,913","97,171",
753,"Phoenix (Prescott), AZ",2317100,2250310,157890,504090,"646,930","263,629","412,816","114,249","116,880","121,770","152,651","392,579","389,942","178,467","173,048","340,847","540,788","109,520","111,096","118,992","145,543","380,845","383,664","179,625","176,828","359,621","628,191",
754,"Butte-Bozeman, MT",88200,85690,690,3420,"20,710","7,785","12,408","3,433","3,421","4,432","7,711","15,614","14,314","6,608","6,117","11,706","19,126","3,299","3,205","3,950","6,119","13,785","13,151","6,115","5,554","11,293","20,027",
755,"Great Falls, MT",68300,65660,980,2230,"18,110","7,897","12,427","3,432","3,331","3,298","3,863","9,709","10,041","4,518","4,107","9,118","16,379","3,205","3,057","3,081","3,428","8,973","9,762","4,363","4,040","9,351","17,993",
756,"Billings, MT",126600,123010,1280,5480,"33,700","12,976","20,972","6,016","5,895","5,885","6,719","16,912","19,175","8,985","8,409","17,716","31,031","5,621","5,559","5,733","6,448","16,808","18,825","8,825","8,269","17,876","34,096",
757,"Boise, ID",363500,354890,6210,42610,"114,710","44,257","71,041","19,884","20,217","20,781","25,167","61,946","64,411","30,677","29,004","54,199","80,093","19,014","18,910","19,972","23,498","59,435","64,128","30,483","28,471","55,496","90,179",
758,"Idaho Falls-Pocatello, ID (Jackson, WY)",155900,151280,1480,15730,"53,540","23,305","36,523","10,078","10,088","10,540","13,238","28,051","27,908","13,323","11,516","20,776","32,788","9,828","9,518","10,322","12,989","26,504","27,288","12,774","11,170","20,762","34,727",
759,"Cheyenne, WY-Scottsbluff, NE",63600,62580,1390,8590,"18,260","6,967","10,818","2,988","2,976","3,140","3,779","9,565","9,950","4,539","4,223","8,826","14,171","2,828","2,836","3,062","3,547","8,949","9,591","4,327","4,106","8,780","16,195",
760,"Twin Falls, ID",79900,78130,790,15820,"27,780","11,202","17,886","4,993","5,129","5,100","5,698","12,818","13,840","6,717","6,123","11,730","18,415","4,940","4,845","4,986","5,532","12,687","13,538","6,440","5,722","11,638","19,934",
762,"Missoula, MT",145600,140590,1180,4670,"34,510","12,950","20,997","5,920","6,011","6,423","8,538","20,327","21,924","10,367","9,644","19,864","37,154","5,596","5,485","5,943","7,582","19,603","21,578","10,261","9,407","20,478","39,925",
764,"Rapid City, SD",115700,112420,1870,4210,"31,750","12,407","19,294","5,289","5,236","5,592","6,438","15,631","16,817","7,864","7,377","17,343","30,320","5,099","4,922","5,301","5,766","14,445","16,294","7,651","7,275","17,323","31,479",
765,"El Paso, TX (Las Cruces, NM)",396500,387880,17930,296880,"138,060","55,733","87,697","24,148","24,477","26,710","33,736","78,679","72,428","31,298","28,712","52,049","72,464","23,370","23,986","27,274","33,879","75,432","69,488","31,621","30,820","59,509","91,850",
766,"Helena, MT",35900,34890,390,1170,"7,620","3,459","5,660","1,556","1,461","1,476","1,707","4,603","5,523","2,603","2,351","5,049","8,835","1,538","1,370","1,403","1,545","4,491","5,463","2,489","2,317","5,310","9,582",
767,"Casper-Riverton, WY",59300,56970,980,4070,"16,550","6,407","10,404","2,997","2,948","2,890","3,271","7,735","9,388","4,335","3,997","8,241","13,926","2,795","2,780","2,785","3,070","7,665","9,102","4,313","3,860","8,111","14,875",
770,"Salt Lake City, UT",1232000,1177360,25440,157900,"442,600","195,518","311,573","87,675","89,751","92,130","116,148","254,318","244,413","116,368","102,485","166,087","226,244","82,816","84,436","89,455","111,114","243,114","236,655","113,763","98,626","165,208","250,467",
771,"Yuma, AZ-El Centro, CA",132300,130020,2880,87410,"48,790","22,427","34,723","9,228","9,055","9,481","11,624","25,511","23,415","9,926","8,952","17,539","34,549","8,827","8,714","9,130","10,350","24,377","23,498","10,207","9,783","19,793","38,957",
773,"Grand Junction-Montrose, CO",85300,83520,990,10530,"21,630","8,035","12,989","3,649","3,721","3,838","4,627","11,550","13,040","6,130","5,577","11,565","22,599","3,513","3,550","3,759","4,472","11,349","12,791","6,007","5,541","12,426","25,927",
789,"Tucson (Sierra Vista), AZ",523600,508030,25100,157570,"128,320","49,089","78,275","21,780","23,234","25,359","34,708","78,380","72,253","33,375","31,744","65,057","130,405","20,938","21,969","25,001","34,236","76,931","71,131","34,574","33,491","71,685","153,787",
790,"Albuquerque-Santa Fe, NM",770500,716200,23140,283910,"198,740","74,895","121,775","35,269","37,028","35,835","42,630","106,589","118,474","54,718","51,683","105,705","181,563","33,922","35,414","35,142","40,720","103,696","116,737","55,001","52,991","113,386","213,838",
798,"Glendive, MT",4000,3750,0,100,950,383,630,192,189,173,189,441,529,274,268,567,"1,056",171,155,147,168,424,519,246,231,519,"1,152",
800,"Bakersfield, CA",258800,250000,15360,131500,"105,190","46,694","75,468","20,967","21,021","20,578","22,736","52,492","52,385","23,267","21,090","38,422","48,867","20,286","20,107","20,297","22,259","54,509","54,400","23,818","21,969","41,006","56,639",
801,"Eugene, OR",267200,256830,5370,19010,"58,500","21,263","35,085","10,020","10,997","12,567","18,900","38,550","37,586","18,172","17,336","34,972","69,438","9,453","10,328","12,307","18,345","37,437","37,396","18,254","17,274","37,595","80,535",
802,"Eureka, CA",63600,61360,1570,6900,"14,180","5,837","9,285","2,575","2,736","3,004","4,204","8,915","9,180","4,837","4,383","8,096","15,218","2,498","2,634","3,042","4,359","9,190","9,348","4,675","4,149","8,471","17,786",
803,"Los Angeles, CA",6080400,5904400,530940,2253320,"1,890,420","755,711","1,208,142","338,922","347,661","359,994","445,179","1,202,523","1,253,524","566,249","551,497","1,054,551","1,302,431","323,347","330,324","353,037","429,968","1,186,741","1,232,645","570,973","566,179","1,096,358","1,590,189",
804,"Palm Springs, CA",176300,172300,6520,71510,"46,820","17,889","29,097","8,209","8,508","8,342","10,285","24,552","26,984","12,591","12,739","30,209","55,852","7,726","7,974","8,058","9,933","24,527","25,903","12,129","11,915","26,169","58,708",
807,"San Francisco-Oakland-San Jose, CA",2696100,2611450,192590,491440,"755,230","289,363","451,200","123,862","127,456","131,814","162,888","488,756","544,134","243,991","238,203","451,773","614,989","118,383","121,006","128,515","155,446","456,586","519,562","242,589","236,590","455,475","735,980",
810,"Yakima-Pasco-Richland-Kennewick, WA",275300,268240,5520,82340,"95,310","40,633","65,223","17,962","17,968","18,390","21,952","48,735","48,241","22,133","20,430","39,163","58,491","17,249","17,005","17,955","21,045","47,707","47,695","21,822","20,161","39,572","65,768",
811,"Reno, NV",327900,314930,10670,58990,"82,060","32,606","51,151","14,234","14,076","14,400","17,903","51,223","54,534","23,398","22,864","49,478","81,519","13,531","13,260","13,774","16,434","46,990","51,465","22,544","22,033","49,118","88,048",
813,"Medford-Klamath Falls, OR",185100,179450,2850,17670,"46,910","17,357","28,007","7,906","7,780","7,788","9,015","22,923","25,766","12,226","11,997","25,563","54,614","7,561","7,371","7,524","8,436","22,442","26,217","12,511","12,158","27,733","62,479",
819,"Seattle-Tacoma, WA",2247900,2145510,154720,198700,"602,490","234,953","365,951","100,790","96,263","97,197","119,645","400,077","429,376","179,685","169,522","321,087","459,052","95,534","91,293","94,970","114,037","366,799","407,177","178,819","165,420","324,040","533,632",
820,"Portland, OR",1370700,1287980,53090,147460,"359,690","136,738","219,620","62,512","62,570","61,361","73,359","214,702","244,531","111,879","108,126","197,176","293,560","59,512","59,238","60,027","70,747","212,075","240,766","112,598","106,847","200,301","343,600",
821,"Bend, OR",86300,83310,780,5740,"20,020","7,785","12,411","3,487","3,480","3,516","4,136","12,167","15,013","6,923","6,631","12,626","22,339","3,263","3,171","3,302","3,833","11,959","14,882","6,792","6,562","13,258","25,298",
825,"San Diego, CA",1162500,1142730,73880,318370,"347,730","143,222","219,170","58,930","57,959","61,333","77,140","233,633","242,157","103,965","95,465","180,503","244,875","55,669","55,370","60,294","74,261","219,802","232,011","100,843","95,416","185,635","291,574",
828,"Monterey-Salinas, CA",242600,230350,5560,94300,"77,970","33,997","52,851","14,843","15,402","15,755","19,957","42,582","45,549","22,151","21,374","40,185","59,458","14,253","14,766","15,644","19,708","42,544","44,049","21,411","20,539","40,771","68,510",
839,"Las Vegas, NV",944700,925260,155020,236320,"264,560","109,218","172,142","47,542","47,139","48,623","58,756","160,603","175,490","80,472","77,826","149,435","202,753","45,339","44,935","47,794","56,849","159,562","173,692","80,668","78,330","149,609","232,059",
855,"Santa Barbara-Santa Maria-San Luis Obispo, CA",254100,247820,5230,74280,"66,920","31,019","46,586","12,559","14,452","16,749","25,123","43,135","40,653","18,993","17,865","36,014","64,025","12,026","13,448","16,089","23,528","41,828","39,288","18,550","17,577","38,014","75,602",
862,"Sacramento-Stockton-Modesto, CA",1592200,1554500,135170,384930,"520,760","210,728","332,299","92,090","92,758","95,645","116,631","275,649","305,928","139,940","129,429","248,784","356,636","87,583","88,431","94,681","114,342","274,785","305,342","140,178","131,501","262,170","433,590",
866,"Fresno-Visalia, CA",664700,635960,33890,332890,"256,660","116,453","184,198","51,560","52,142","50,831","57,244","136,076","136,934","60,507","54,524","99,106","129,212","49,356","49,860","49,999","55,120","134,722","135,797","60,852","55,223","102,773","151,957",
868,"Chico-Redding, CA",197900,190010,4790,29730,"51,560","21,273","33,962","9,600","9,553","10,365","14,355","28,861","29,874","13,616","12,730","26,985","48,357","9,017","8,975","10,111","14,020","28,094","29,635","13,558","12,813","28,706","56,313",
881,"Spokane, WA","524,700","506,570","11,960","40,200","138,670","56,651","89,717","25,151","24,755","25,806","32,640","76,851","81,706","37,497","35,585","74,197","126,255","23,908","23,002","24,662","30,568","74,362","80,830","36,992","35,620","76,617","139,260",0
,NSI Total U.S.,131736700,128048930,18466050,19790340,"37,155,630","15,016,130","23,372,878","6,419,351","6,414,005","6,962,741","8,390,711","20,850,607","21,749,785","10,067,564","9,817,615","19,727,409","28,166,002","6,129,345","6,082,818","6,877,976","8,130,113","20,791,196","21,982,794","10,313,908","10,094,736","20,750,452","33,736,599",
,,,,,,,,,,,,,,,,,,,,,,,,,,,,,
,,,,,,,,,,,,,,,,,,,,,,,,,,,,,
,,,,,,,,,,,,,,,,,,,,,,,,,,,,,
,,,,,,,,,,,,,,,,,,,,,,,,,,,,,
,,,,,,,,,,,,,,,,,,,,,,,,,,,,,
,,,,,,,,,,,,,,,,,,,,,,,,,,,,,
,,,,,,,,,,,,,,,,,,,,,,,,,,,,,
,,,,,,,,,,,,,,,,,,,,,,,,,,,,,
,,,,,,,,,,,,,,,,,,,,,,,,,,,,,
,,,,,,,,,,,,,,,,,,,,,,,,,,,,,
,,,,,,,,,,,,,,,,,,,,,,,,,,,,,
,,,,,,,,,,,,,,,,,,,,,,,,,,,,,
,,,,,,,,,,,,,,,,,,,,,,,,,,,,,
,,,,,,,,,,,,,,,,,,,,,,,,,,,,,
,,,,,,,,,,,,,,,,,,,,,,,,,,,,,
,,,,,,,,,,,,,,,,,,,,,,,,,,,,,
,,,,,,,,,,,,,,,,,,,,,,,,,,,,,
,,,,,,,,,,,,,,,,,,,,,,,,,,,,,
,,,,,,,,,,,,,,,,,,,,,,,,,,,,,
,,,,,,,,,,,,,,,,,,,,,,,,,,,,,
,,,,,,,,,,,,,,,,,,,,,,,,,,,,,
,,,,,,,,,,,,,,,,,,,,,,,,,,,,,
,,,,,,,,,,,,,,,,,,,,,,,,,,,,,
,,,,,,,,,,,,,,,,,,,,,,,,,,,,,
,,,,,,,,,,,,,,,,,,,,,,,,,,,,,
,,,,,,,,,,,,,,,,,,,,,,,,,,,,,
,,,,,,,,,,,,,,,,,,,,,,,,,,,,,
,,,,,,,,,,,,,,,,,,,,,,,,,,,,,
,,,,,,,,,,,,,,,,,,,,,,,,,,,,,
,,,,,,,,,,,,,,,,,,,,,,,,,,,,,
,,,,,,,,,,,,,,,,,,,,,,,,,,,,,
,,,,,,,,,,,,,,,,,,,,,,,,,,,,,
,,,,,,,,,,,,,,,,,,,,,,,,,,,,,
,,,,,,,,,,,,,,,,,,,,,,,,,,,,,
,,,,,,,,,,,,,,,,,,,,,,,,,,,,,
,,,,,,,,,,,,,,,,,,,,,,,,,,,,,
,,,,,,,,,,,,,,,,,,,,,,,,,,,,,
,,,,,,,,,,,,,,,,,,,,,,,,,,,,,
,,,,,,,,,,,,,,,,,,,,,,,,,,,,,
,,,,,,,,,,,,,,,,,,,,,,,,,,,,,
,,,,,,,,,,,,,,,,,,,,,,,,,,,,,
,,,,,,,,,,,,,,,,,,,,,,,,,,,,,
,,,,,,,,,,,,,,,,,,,,,,,,,,,,,
,,,,,,,,,,,,,,,,,,,,,,,,,,,,,
,,,,,,,,,,,,,,,,,,,,,,,,,,,,,
,,,,,,,,,,,,,,,,,,,,,,,,,,,,,
,,,,,,,,,,,,,,,,,,,,,,,,,,,,,
,,,,,,,,,,,,,,,,,,,,,,,,,,,,,
,,,,,,,,,,,,,,,,,,,,,,,,,,,,,
,,,,,,,,,,,,,,,,,,,,,,,,,,,,,
,,,,,,,,,,,,,,,,,,,,,,,,,,,,,
,,,,,,,,,,,,,,,,,,,,,,,,,,,,,
,,,,,,,,,,,,,,,,,,,,,,,,,,,,,
,,,,,,,,,,,,,,,,,,,,,,,,,,,,,
,,,,,,,,,,,,,,,,,,,,,,,,,,,,,
,,,,,,,,,,,,,,,,,,,,,,,,,,,,,
,,,,,,,,,,,,,,,,,,,,,,,,,,,,,
,,,,,,,,,,,,,,,,,,,,,,,,,,,,,
,,,,,,,,,,,,,,,,,,,,,,,,,,,,,
,,,,,,,,,,,,,,,,,,,,,,,,,,,,,
,,,,,,,,,,,,,,,,,,,,,,,,,,,,,
,,,,,,,,,,,,,,,,,,,,,,,,,,,,,
,,,,,,,,,,,,,,,,,,,,,,,,,,,,,
,,,,,,,,,,,,,,,,,,,,,,,,,,,,,
,,,,,,,,,,,,,,,,,,,,,,,,,,,,,
,,,,,,,,,,,,,,,,,,,,,,,,,,,,,
,,,,,,,,,,,,,,,,,,,,,,,,,,,,,
,,,,,,,,,,,,,,,,,,,,,,,,,,,,,
,,,,,,,,,,,,,,,,,,,,,,,,,,,,,
,,,,,,,,,,,,,,,,,,,,,,,,,,,,,
,,,,,,,,,,,,,,,,,,,,,,,,,,,,,
,,,,,,,,,,,,,,,,,,,,,,,,,,,,,
,,,,,,,,,,,,,,,,,,,,,,,,,,,,,
,,,,,,,,,,,,,,,,,,,,,,,,,,,,,
,,,,,,,,,,,,,,,,,,,,,,,,,,,,,
,,,,,,,,,,,,,,,,,,,,,,,,,,,,,
,,,,,,,,,,,,,,,,,,,,,,,,,,,,,
,,,,,,,,,,,,,,,,,,,,,,,,,,,,,
,,,,,,,,,,,,,,,,,,,,,,,,,,,,,
,,,,,,,,,,,,,,,,,,,,,,,,,,,,,
,,,,,,,,,,,,,,,,,,,,,,,,,,,,,
,,,,,,,,,,,,,,,,,,,,,,,,,,,,,
,,,,,,,,,,,,,,,,,,,,,,,,,,,,,
,,,,,,,,,,,,,,,,,,,,,,,,,,,,,
,,,,,,,,,,,,,,,,,,,,,,,,,,,,,
,,,,,,,,,,,,,,,,,,,,,,,,,,,,,
,,,,,,,,,,,,,,,,,,,,,,,,,,,,,
,,,,,,,,,,,,,,,,,,,,,,,,,,,,,
,,,,,,,,,,,,,,,,,,,,,,,,,,,,,
,,,,,,,,,,,,,,,,,,,,,,,,,,,,,
,,,,,,,,,,,,,,,,,,,,,,,,,,,,,
,,,,,,,,,,,,,,,,,,,,,,,,,,,,,
,,,,,,,,,,,,,,,,,,,,,,,,,,,,,
,,,,,,,,,,,,,,,,,,,,,,,,,,,,,
,,,,,,,,,,,,,,,,,,,,,,,,,,,,,
,,,,,,,,,,,,,,,,,,,,,,,,,,,,,
,,,,,,,,,,,,,,,,,,,,,,,,,,,,,
,,,,,,,,,,,,,,,,,,,,,,,,,,,,,
,,,,,,,,,,,,,,,,,,,,,,,,,,,,,
,,,,,,,,,,,,,,,,,,,,,,,,,,,,,
,,,,,,,,,,,,,,,,,,,,,,,,,,,,,
,,,,,,,,,,,,,,,,,,,,,,,,,,,,,
,,,,,,,,,,,,,,,,,,,,,,,,,,,,,
,,,,,,,,,,,,,,,,,,,,,,,,,,,,,
,,,,,,,,,,,,,,,,,,,,,,,,,,,,,
,,,,,,,,,,,,,,,,,,,,,,,,,,,,,
,,,,,,,,,,,,,,,,,,,,,,,,,,,,,
,,,,,,,,,,,,,,,,,,,,,,,,,,,,,
,,,,,,,,,,,,,,,,,,,,,,,,,,,,,
,,,,,,,,,,,,,,,,,,,,,,,,,,,,,
,,,,,,,,,,,,,,,,,,,,,,,,,,,,,
,,,,,,,,,,,,,,,,,,,,,,,,,,,,,
,,,,,,,,,,,,,,,,,,,,,,,,,,,,,
,,,,,,,,,,,,,,,,,,,,,,,,,,,,,
,,,,,,,,,,,,,,,,,,,,,,,,,,,,,
,,,,,,,,,,,,,,,,,,,,,,,,,,,,,
,,,,,,,,,,,,,,,,,,,,,,,,,,,,,
,,,,,,,,,,,,,,,,,,,,,,,,,,,,,
,,,,,,,,,,,,,,,,,,,,,,,,,,,,,
,,,,,,,,,,,,,,,,,,,,,,,,,,,,,
,,,,,,,,,,,,,,,,,,,,,,,,,,,,,
,,,,,,,,,,,,,,,,,,,,,,,,,,,,,
,,,,,,,,,,,,,,,,,,,,,,,,,,,,,
,,,,,,,,,,,,,,,,,,,,,,,,,,,,,
,,,,,,,,,,,,,,,,,,,,,,,,,,,,,
,,,,,,,,,,,,,,,,,,,,,,,,,,,,,
,,,,,,,,,,,,,,,,,,,,,,,,,,,,,
,,,,,,,,,,,,,,,,,,,,,,,,,,,,,
,,,,,,,,,,,,,,,,,,,,,,,,,,,,,
,,,,,,,,,,,,,,,,,,,,,,,,,,,,,
,,,,,,,,,,,,,,,,,,,,,,,,,,,,,
,,,,,,,,,,,,,,,,,,,,,,,,,,,,,
,,,,,,,,,,,,,,,,,,,,,,,,,,,,,
,,,,,,,,,,,,,,,,,,,,,,,,,,,,,
,,,,,,,,,,,,,,,,,,,,,,,,,,,,,
,,,,,,,,,,,,,,,,,,,,,,,,,,,,,
,,,,,,,,,,,,,,,,,,,,,,,,,,,,,
,,,,,,,,,,,,,,,,,,,,,,,,,,,,,
,,,,,,,,,,,,,,,,,,,,,,,,,,,,,
,,,,,,,,,,,,,,,,,,,,,,,,,,,,,
,,,,,,,,,,,,,,,,,,,,,,,,,,,,,
,,,,,,,,,,,,,,,,,,,,,,,,,,,,,
,,,,,,,,,,,,,,,,,,,,,,,,,,,,,
,,,,,,,,,,,,,,,,,,,,,,,,,,,,,
,,,,,,,,,,,,,,,,,,,,,,,,,,,,,
,,,,,,,,,,,,,,,,,,,,,,,,,,,,,
,,,,,,,,,,,,,,,,,,,,,,,,,,,,,
,,,,,,,,,,,,,,,,,,,,,,,,,,,,,
,,,,,,,,,,,,,,,,,,,,,,,,,,,,,
,,,,,,,,,,,,,,,,,,,,,,,,,,,,,
,,,,,,,,,,,,,,,,,,,,,,,,,,,,,
,,,,,,,,,,,,,,,,,,,,,,,,,,,,,
,,,,,,,,,,,,,,,,,,,,,,,,,,,,,
,,,,,,,,,,,,,,,,,,,,,,,,,,,,,
,,,,,,,,,,,,,,,,,,,,,,,,,,,,,
,,,,,,,,,,,,,,,,,,,,,,,,,,,,,
,,,,,,,,,,,,,,,,,,,,,,,,,,,,,
,,,,,,,,,,,,,,,,,,,,,,,,,,,,,
,,,,,,,,,,,,,,,,,,,,,,,,,,,,,
,,,,,,,,,,,,,,,,,,,,,,,,,,,,,
,,,,,,,,,,,,,,,,,,,,,,,,,,,,,
,,,,,,,,,,,,,,,,,,,,,,,,,,,,,
,,,,,,,,,,,,,,,,,,,,,,,,,,,,,
,,,,,,,,,,,,,,,,,,,,,,,,,,,,,
,,,,,,,,,,,,,,,,,,,,,,,,,,,,,
,,,,,,,,,,,,,,,,,,,,,,,,,,,,,
,,,,,,,,,,,,,,,,,,,,,,,,,,,,,
,,,,,,,,,,,,,,,,,,,,,,,,,,,,,
,,,,,,,,,,,,,,,,,,,,,,,,,,,,,
,,,,,,,,,,,,,,,,,,,,,,,,,,,,,
,,,,,,,,,,,,,,,,,,,,,,,,,,,,,
,,,,,,,,,,,,,,,,,,,,,,,,,,,,,
,,,,,,,,,,,,,,,,,,,,,,,,,,,,,
,,,,,,,,,,,,,,,,,,,,,,,,,,,,,
,,,,,,,,,,,,,,,,,,,,,,,,,,,,,
,,,,,,,,,,,,,,,,,,,,,,,,,,,,,
,,,,,,,,,,,,,,,,,,,,,,,,,,,,,
,,,,,,,,,,,,,,,,,,,,,,,,,,,,,
,,,,,,,,,,,,,,,,,,,,,,,,,,,,,
,,,,,,,,,,,,,,,,,,,,,,,,,,,,,
,,,,,,,,,,,,,,,,,,,,,,,,,,,,,
,,,,,,,,,,,,,,,,,,,,,,,,,,,,,
,,,,,,,,,,,,,,,,,,,,,,,,,,,,,
,,,,,,,,,,,,,,,,,,,,,,,,,,,,,
,,,,,,,,,,,,,,,,,,,,,,,,,,,,,
,,,,,,,,,,,,,,,,,,,,,,,,,,,,,
,,,,,,,,,,,,,,,,,,,,,,,,,,,,,
,,,,,,,,,,,,,,,,,,,,,,,,,,,,,
,,,,,,,,,,,,,,,,,,,,,,,,,,,,,
,,,,,,,,,,,,,,,,,,,,,,,,,,,,,
,,,,,,,,,,,,,,,,,,,,,,,,,,,,,
,,,,,,,,,,,,,,,,,,,,,,,,,,,,,
,,,,,,,,,,,,,,,,,,,,,,,,,,,,,
,,,,,,,,,,,,,,,,,,,,,,,,,,,,,
,,,,,,,,,,,,,,,,,,,,,,,,,,,,,
,,,,,,,,,,,,,,,,,,,,,,,,,,,,,
,,,,,,,,,,,,,,,,,,,,,,,,,,,,,
,,,,,,,,,,,,,,,,,,,,,,,,,,,,,
,,,,,,,,,,,,,,,,,,,,,,,,,,,,,
,,,,,,,,,,,,,,,,,,,,,,,,,,,,,
,,,,,,,,,,,,,,,,,,,,,,,,,,,,,
,,,,,,,,,,,,,,,,,,,,,,,,,,,,,
,,,,,,,,,,,,,,,,,,,,,,,,,,,,,
,,,,,,,,,,,,,,,,,,,,,,,,,,,,,
,,,,,,,,,,,,,,,,,,,,,,,,,,,,,
,,,,,,,,,,,,,,,,,,,,,,,,,,,,,
,,,,,,,,,,,,,,,,,,,,,,,,,,,,,
,,,,,,,,,,,,,,,,,,,,,,,,,,,,,
,,,,,,,,,,,,,,,,,,,,,,,,,,,,,
,,,,,,,,,,,,,,,,,,,,,,,,,,,,,
,,,,,,,,,,,,,,,,,,,,,,,,,,,,,
,,,,,,,,,,,,,,,,,,,,,,,,,,,,,
,,,,,,,,,,,,,,,,,,,,,,,,,,,,,
,,,,,,,,,,,,,,,,,,,,,,,,,,,,,
,,,,,,,,,,,,,,,,,,,,,,,,,,,,,
,,,,,,,,,,,,,,,,,,,,,,,,,,,,,
,,,,,,,,,,,,,,,,,,,,,,,,,,,,,
,,,,,,,,,,,,,,,,,,,,,,,,,,,,,
,,,,,,,,,,,,,,,,,,,,,,,,,,,,,
,,,,,,,,,,,,,,,,,,,,,,,,,,,,,
,,,,,,,,,,,,,,,,,,,,,,,,,,,,,
,,,,,,,,,,,,,,,,,,,,,,,,,,,,,
,,,,,,,,,,,,,,,,,,,,,,,,,,,,,
,,,,,,,,,,,,,,,,,,,,,,,,,,,,,
,,,,,,,,,,,,,,,,,,,,,,,,,,,,,
,,,,,,,,,,,,,,,,,,,,,,,,,,,,,
,,,,,,,,,,,,,,,,,,,,,,,,,,,,,
,,,,,,,,,,,,,,,,,,,,,,,,,,,,,
,,,,,,,,,,,,,,,,,,,,,,,,,,,,,
,,,,,,,,,,,,,,,,,,,,,,,,,,,,,
,,,,,,,,,,,,,,,,,,,,,,,,,,,,,
,,,,,,,,,,,,,,,,,,,,,,,,,,,,,
,,,,,,,,,,,,,,,,,,,,,,,,,,,,,
,,,,,,,,,,,,,,,,,,,,,,,,,,,,,
,,,,,,,,,,,,,,,,,,,,,,,,,,,,,
,,,,,,,,,,,,,,,,,,,,,,,,,,,,,
,,,,,,,,,,,,,,,,,,,,,,,,,,,,,
,,,,,,,,,,,,,,,,,,,,,,,,,,,,,
,,,,,,,,,,,,,,,,,,,,,,,,,,,,,
,,,,,,,,,,,,,,,,,,,,,,,,,,,,,
,,,,,,,,,,,,,,,,,,,,,,,,,,,,,
,,,,,,,,,,,,,,,,,,,,,,,,,,,,,
,,,,,,,,,,,,,,,,,,,,,,,,,,,,,
,,,,,,,,,,,,,,,,,,,,,,,,,,,,,
,,,,,,,,,,,,,,,,,,,,,,,,,,,,,
,,,,,,,,,,,,,,,,,,,,,,,,,,,,,
,,,,,,,,,,,,,,,,,,,,,,,,,,,,,
,,,,,,,,,,,,,,,,,,,,,,,,,,,,,
,,,,,,,,,,,,,,,,,,,,,,,,,,,,,
,,,,,,,,,,,,,,,,,,,,,,,,,,,,,
,,,,,,,,,,,,,,,,,,,,,,,,,,,,,
,,,,,,,,,,,,,,,,,,,,,,,,,,,,,
,,,,,,,,,,,,,,,,,,,,,,,,,,,,,
,,,,,,,,,,,,,,,,,,,,,,,,,,,,,
,,,,,,,,,,,,,,,,,,,,,,,,,,,,,
,,,,,,,,,,,,,,,,,,,,,,,,,,,,,
,,,,,,,,,,,,,,,,,,,,,,,,,,,,,
,,,,,,,,,,,,,,,,,,,,,,,,,,,,,
,,,,,,,,,,,,,,,,,,,,,,,,,,,,,
,,,,,,,,,,,,,,,,,,,,,,,,,,,,,
,,,,,,,,,,,,,,,,,,,,,,,,,,,,,
,,,,,,,,,,,,,,,,,,,,,,,,,,,,,
,,,,,,,,,,,,,,,,,,,,,,,,,,,,,
,,,,,,,,,,,,,,,,,,,,,,,,,,,,,
,,,,,,,,,,,,,,,,,,,,,,,,,,,,,
,,,,,,,,,,,,,,,,,,,,,,,,,,,,,
,,,,,,,,,,,,,,,,,,,,,,,,,,,,,
,,,,,,,,,,,,,,,,,,,,,,,,,,,,,
,,,,,,,,,,,,,,,,,,,,,,,,,,,,,
,,,,,,,,,,,,,,,,,,,,,,,,,,,,,
,,,,,,,,,,,,,,,,,,,,,,,,,,,,,
,,,,,,,,,,,,,,,,,,,,,,,,,,,,,
,,,,,,,,,,,,,,,,,,,,,,,,,,,,,
,,,,,,,,,,,,,,,,,,,,,,,,,,,,,
,,,,,,,,,,,,,,,,,,,,,,,,,,,,,
,,,,,,,,,,,,,,,,,,,,,,,,,,,,,
,,,,,,,,,,,,,,,,,,,,,,,,,,,,,
,,,,,,,,,,,,,,,,,,,,,,,,,,,,,
,,,,,,,,,,,,,,,,,,,,,,,,,,,,,
,,,,,,,,,,,,,,,,,,,,,,,,,,,,,
,,,,,,,,,,,,,,,,,,,,,,,,,,,,,
,,,,,,,,,,,,,,,,,,,,,,,,,,,,,
,,,,,,,,,,,,,,,,,,,,,,,,,,,,,
,,,,,,,,,,,,,,,,,,,,,,,,,,,,,
,,,,,,,,,,,,,,,,,,,,,,,,,,,,,
,,,,,,,,,,,,,,,,,,,,,,,,,,,,,
,,,,,,,,,,,,,,,,,,,,,,,,,,,,,
,,,,,,,,,,,,,,,,,,,,,,,,,,,,,
,,,,,,,,,,,,,,,,,,,,,,,,,,,,,
,,,,,,,,,,,,,,,,,,,,,,,,,,,,,
,,,,,,,,,,,,,,,,,,,,,,,,,,,,,
,,,,,,,,,,,,,,,,,,,,,,,,,,,,,
,,,,,,,,,,,,,,,,,,,,,,,,,,,,,
,,,,,,,,,,,,,,,,,,,,,,,,,,,,,
,,,,,,,,,,,,,,,,,,,,,,,,,,,,,
,,,,,,,,,,,,,,,,,,,,,,,,,,,,,
,,,,,,,,,,,,,,,,,,,,,,,,,,,,,
,,,,,,,,,,,,,,,,,,,,,,,,,,,,,
,,,,,,,,,,,,,,,,,,,,,,,,,,,,,
,,,,,,,,,,,,,,,,,,,,,,,,,,,,,
,,,,,,,,,,,,,,,,,,,,,,,,,,,,,
,,,,,,,,,,,,,,,,,,,,,,,,,,,,,
,,,,,,,,,,,,,,,,,,,,,,,,,,,,,
,,,,,,,,,,,,,,,,,,,,,,,,,,,,,
,,,,,,,,,,,,,,,,,,,,,,,,,,,,,
,,,,,,,,,,,,,,,,,,,,,,,,,,,,,
,,,,,,,,,,,,,,,,,,,,,,,,,,,,,
,,,,,,,,,,,,,,,,,,,,,,,,,,,,,
,,,,,,,,,,,,,,,,,,,,,,,,,,,,,
,,,,,,,,,,,,,,,,,,,,,,,,,,,,,
,,,,,,,,,,,,,,,,,,,,,,,,,,,,,
,,,,,,,,,,,,,,,,,,,,,,,,,,,,,
,,,,,,,,,,,,,,,,,,,,,,,,,,,,,
,,,,,,,,,,,,,,,,,,,,,,,,,,,,,
,,,,,,,,,,,,,,,,,,,,,,,,,,,,,
,,,,,,,,,,,,,,,,,,,,,,,,,,,,,
,,,,,,,,,,,,,,,,,,,,,,,,,,,,,
,,,,,,,,,,,,,,,,,,,,,,,,,,,,,
,,,,,,,,,,,,,,,,,,,,,,,,,,,,,
,,,,,,,,,,,,,,,,,,,,,,,,,,,,,
,,,,,,,,,,,,,,,,,,,,,,,,,,,,,
,,,,,,,,,,,,,,,,,,,,,,,,,,,,,
,,,,,,,,,,,,,,,,,,,,,,,,,,,,,
,,,,,,,,,,,,,,,,,,,,,,,,,,,,,
,,,,,,,,,,,,,,,,,,,,,,,,,,,,,
,,,,,,,,,,,,,,,,,,,,,,,,,,,,,
,,,,,,,,,,,,,,,,,,,,,,,,,,,,,
,,,,,,,,,,,,,,,,,,,,,,,,,,,,,
,,,,,,,,,,,,,,,,,,,,,,,,,,,,,
,,,,,,,,,,,,,,,,,,,,,,,,,,,,,
,,,,,,,,,,,,,,,,,,,,,,,,,,,,,
,,,,,,,,,,,,,,,,,,,,,,,,,,,,,
,,,,,,,,,,,,,,,,,,,,,,,,,,,,,
,,,,,,,,,,,,,,,,,,,,,,,,,,,,,
,,,,,,,,,,,,,,,,,,,,,,,,,,,,,
,,,,,,,,,,,,,,,,,,,,,,,,,,,,,
,,,,,,,,,,,,,,,,,,,,,,,,,,,,,
,,,,,,,,,,,,,,,,,,,,,,,,,,,,,
,,,,,,,,,,,,,,,,,,,,,,,,,,,,,
,,,,,,,,,,,,,,,,,,,,,,,,,,,,,
,,,,,,,,,,,,,,,,,,,,,,,,,,,,,
,,,,,,,,,,,,,,,,,,,,,,,,,,,,,
,,,,,,,,,,,,,,,,,,,,,,,,,,,,,
,,,,,,,,,,,,,,,,,,,,,,,,,,,,,
,,,,,,,,,,,,,,,,,,,,,,,,,,,,,
,,,,,,,,,,,,,,,,,,,,,,,,,,,,,
,,,,,,,,,,,,,,,,,,,,,,,,,,,,,
,,,,,,,,,,,,,,,,,,,,,,,,,,,,,
,,,,,,,,,,,,,,,,,,,,,,,,,,,,,
,,,,,,,,,,,,,,,,,,,,,,,,,,,,,
,,,,,,,,,,,,,,,,,,,,,,,,,,,,,
,,,,,,,,,,,,,,,,,,,,,,,,,,,,,
,,,,,,,,,,,,,,,,,,,,,,,,,,,,,
,,,,,,,,,,,,,,,,,,,,,,,,,,,,,
,,,,,,,,,,,,,,,,,,,,,,,,,,,,,
,,,,,,,,,,,,,,,,,,,,,,,,,,,,,
,,,,,,,,,,,,,,,,,,,,,,,,,,,,,
,,,,,,,,,,,,,,,,,,,,,,,,,,,,,
,,,,,,,,,,,,,,,,,,,,,,,,,,,,,
,,,,,,,,,,,,,,,,,,,,,,,,,,,,,
,,,,,,,,,,,,,,,,,,,,,,,,,,,,,
,,,,,,,,,,,,,,,,,,,,,,,,,,,,,
,,,,,,,,,,,,,,,,,,,,,,,,,,,,,
,,,,,,,,,,,,,,,,,,,,,,,,,,,,,
,,,,,,,,,,,,,,,,,,,,,,,,,,,,,
,,,,,,,,,,,,,,,,,,,,,,,,,,,,,
,,,,,,,,,,,,,,,,,,,,,,,,,,,,,
,,,,,,,,,,,,,,,,,,,,,,,,,,,,,
,,,,,,,,,,,,,,,,,,,,,,,,,,,,,
,,,,,,,,,,,,,,,,,,,,,,,,,,,,,
,,,,,,,,,,,,,,,,,,,,,,,,,,,,,
,,,,,,,,,,,,,,,,,,,,,,,,,,,,,
,,,,,,,,,,,,,,,,,,,,,,,,,,,,,
,,,,,,,,,,,,,,,,,,,,,,,,,,,,,
,,,,,,,,,,,,,,,,,,,,,,,,,,,,,
,,,,,,,,,,,,,,,,,,,,,,,,,,,,,
,,,,,,,,,,,,,,,,,,,,,,,,,,,,,
,,,,,,,,,,,,,,,,,,,,,,,,,,,,,
,,,,,,,,,,,,,,,,,,,,,,,,,,,,,
,,,,,,,,,,,,,,,,,,,,,,,,,,,,,
,,,,,,,,,,,,,,,,,,,,,,,,,,,,,
,,,,,,,,,,,,,,,,,,,,,,,,,,,,,
,,,,,,,,,,,,,,,,,,,,,,,,,,,,,
,,,,,,,,,,,,,,,,,,,,,,,,,,,,,
,,,,,,,,,,,,,,,,,,,,,,,,,,,,,
,,,,,,,,,,,,,,,,,,,,,,,,,,,,,
,,,,,,,,,,,,,,,,,,,,,,,,,,,,,
,,,,,,,,,,,,,,,,,,,,,,,,,,,,,
,,,,,,,,,,,,,,,,,,,,,,,,,,,,,
,,,,,,,,,,,,,,,,,,,,,,,,,,,,,
,,,,,,,,,,,,,,,,,,,,,,,,,,,,,
,,,,,,,,,,,,,,,,,,,,,,,,,,,,,
,,,,,,,,,,,,,,,,,,,,,,,,,,,,,
,,,,,,,,,,,,,,,,,,,,,,,,,,,,,
,,,,,,,,,,,,,,,,,,,,,,,,,,,,,
,,,,,,,,,,,,,,,,,,,,,,,,,,,,,
,,,,,,,,,,,,,,,,,,,,,,,,,,,,,
,,,,,,,,,,,,,,,,,,,,,,,,,,,,,
,,,,,,,,,,,,,,,,,,,,,,,,,,,,,
,,,,,,,,,,,,,,,,,,,,,,,,,,,,,
,,,,,,,,,,,,,,,,,,,,,,,,,,,,,
,,,,,,,,,,,,,,,,,,,,,,,,,,,,,
,,,,,,,,,,,,,,,,,,,,,,,,,,,,,
,,,,,,,,,,,,,,,,,,,,,,,,,,,,,
,,,,,,,,,,,,,,,,,,,,,,,,,,,,,
,,,,,,,,,,,,,,,,,,,,,,,,,,,,,
,,,,,,,,,,,,,,,,,,,,,,,,,,,,,
,,,,,,,,,,,,,,,,,,,,,,,,,,,,,
,,,,,,,,,,,,,,,,,,,,,,,,,,,,,
,,,,,,,,,,,,,,,,,,,,,,,,,,,,,
,,,,,,,,,,,,,,,,,,,,,,,,,,,,,
,,,,,,,,,,,,,,,,,,,,,,,,,,,,,
,,,,,,,,,,,,,,,,,,,,,,,,,,,,,
,,,,,,,,,,,,,,,,,,,,,,,,,,,,,
,,,,,,,,,,,,,,,,,,,,,,,,,,,,,
,,,,,,,,,,,,,,,,,,,,,,,,,,,,,
,,,,,,,,,,,,,,,,,,,,,,,,,,,,,
,,,,,,,,,,,,,,,,,,,,,,,,,,,,,
,,,,,,,,,,,,,,,,,,,,,,,,,,,,,
,,,,,,,,,,,,,,,,,,,,,,,,,,,,,
,,,,,,,,,,,,,,,,,,,,,,,,,,,,,
,,,,,,,,,,,,,,,,,,,,,,,,,,,,,
,,,,,,,,,,,,,,,,,,,,,,,,,,,,,
,,,,,,,,,,,,,,,,,,,,,,,,,,,,,
,,,,,,,,,,,,,,,,,,,,,,,,,,,,,
,,,,,,,,,,,,,,,,,,,,,,,,,,,,,
,,,,,,,,,,,,,,,,,,,,,,,,,,,,,
,,,,,,,,,,,,,,,,,,,,,,,,,,,,,
,,,,,,,,,,,,,,,,,,,,,,,,,,,,,
,,,,,,,,,,,,,,,,,,,,,,,,,,,,,
,,,,,,,,,,,,,,,,,,,,,,,,,,,,,
,,,,,,,,,,,,,,,,,,,,,,,,,,,,,
,,,,,,,,,,,,,,,,,,,,,,,,,,,,,
,,,,,,,,,,,,,,,,,,,,,,,,,,,,,
,,,,,,,,,,,,,,,,,,,,,,,,,,,,,
,,,,,,,,,,,,,,,,,,,,,,,,,,,,,
,,,,,,,,,,,,,,,,,,,,,,,,,,,,,
,,,,,,,,,,,,,,,,,,,,,,,,,,,,,
,,,,,,,,,,,,,,,,,,,,,,,,,,,,,
,,,,,,,,,,,,,,,,,,,,,,,,,,,,,
,,,,,,,,,,,,,,,,,,,,,,,,,,,,,
,,,,,,,,,,,,,,,,,,,,,,,,,,,,,
,,,,,,,,,,,,,,,,,,,,,,,,,,,,,
,,,,,,,,,,,,,,,,,,,,,,,,,,,,,
,,,,,,,,,,,,,,,,,,,,,,,,,,,,,
,,,,,,,,,,,,,,,,,,,,,,,,,,,,,
,,,,,,,,,,,,,,,,,,,,,,,,,,,,,
,,,,,,,,,,,,,,,,,,,,,,,,,,,,,
,,,,,,,,,,,,,,,,,,,,,,,,,,,,,
,,,,,,,,,,,,,,,,,,,,,,,,,,,,,
,,,,,,,,,,,,,,,,,,,,,,,,,,,,,
,,,,,,,,,,,,,,,,,,,,,,,,,,,,,
,,,,,,,,,,,,,,,,,,,,,,,,,,,,,
,,,,,,,,,,,,,,,,,,,,,,,,,,,,,
,,,,,,,,,,,,,,,,,,,,,,,,,,,,,
,,,,,,,,,,,,,,,,,,,,,,,,,,,,,
,,,,,,,,,,,,,,,,,,,,,,,,,,,,,
,,,,,,,,,,,,,,,,,,,,,,,,,,,,,
,,,,,,,,,,,,,,,,,,,,,,,,,,,,,
,,,,,,,,,,,,,,,,,,,,,,,,,,,,,
,,,,,,,,,,,,,,,,,,,,,,,,,,,,,
,,,,,,,,,,,,,,,,,,,,,,,,,,,,,
,,,,,,,,,,,,,,,,,,,,,,,,,,,,,
,,,,,,,,,,,,,,,,,,,,,,,,,,,,,
,,,,,,,,,,,,,,,,,,,,,,,,,,,,,
,,,,,,,,,,,,,,,,,,,,,,,,,,,,,
,,,,,,,,,,,,,,,,,,,,,,,,,,,,,
,,,,,,,,,,,,,,,,,,,,,,,,,,,,,
,,,,,,,,,,,,,,,,,,,,,,,,,,,,,
,,,,,,,,,,,,,,,,,,,,,,,,,,,,,
,,,,,,,,,,,,,,,,,,,,,,,,,,,,,
,,,,,,,,,,,,,,,,,,,,,,,,,,,,,
,,,,,,,,,,,,,,,,,,,,,,,,,,,,,
,,,,,,,,,,,,,,,,,,,,,,,,,,,,,
,,,,,,,,,,,,,,,,,,,,,,,,,,,,,
,,,,,,,,,,,,,,,,,,,,,,,,,,,,,
,,,,,,,,,,,,,,,,,,,,,,,,,,,,,
,,,,,,,,,,,,,,,,,,,,,,,,,,,,,
,,,,,,,,,,,,,,,,,,,,,,,,,,,,,
,,,,,,,,,,,,,,,,,,,,,,,,,,,,,
,,,,,,,,,,,,,,,,,,,,,,,,,,,,,
,,,,,,,,,,,,,,,,,,,,,,,,,,,,,
,,,,,,,,,,,,,,,,,,,,,,,,,,,,,
,,,,,,,,,,,,,,,,,,,,,,,,,,,,,
,,,,,,,,,,,,,,,,,,,,,,,,,,,,,
,,,,,,,,,,,,,,,,,,,,,,,,,,,,,
,,,,,,,,,,,,,,,,,,,,,,,,,,,,,
,,,,,,,,,,,,,,,,,,,,,,,,,,,,,
,,,,,,,,,,,,,,,,,,,,,,,,,,,,,
,,,,,,,,,,,,,,,,,,,,,,,,,,,,,
,,,,,,,,,,,,,,,,,,,,,,,,,,,,,
,,,,,,,,,,,,,,,,,,,,,,,,,,,,,
,,,,,,,,,,,,,,,,,,,,,,,,,,,,,
,,,,,,,,,,,,,,,,,,,,,,,,,,,,,
,,,,,,,,,,,,,,,,,,,,,,,,,,,,,
,,,,,,,,,,,,,,,,,,,,,,,,,,,,,
,,,,,,,,,,,,,,,,,,,,,,,,,,,,,
,,,,,,,,,,,,,,,,,,,,,,,,,,,,,
,,,,,,,,,,,,,,,,,,,,,,,,,,,,,
,,,,,,,,,,,,,,,,,,,,,,,,,,,,,
,,,,,,,,,,,,,,,,,,,,,,,,,,,,,
,,,,,,,,,,,,,,,,,,,,,,,,,,,,,
,,,,,,,,,,,,,,,,,,,,,,,,,,,,,
,,,,,,,,,,,,,,,,,,,,,,,,,,,,,
,,,,,,,,,,,,,,,,,,,,,,,,,,,,,
,,,,,,,,,,,,,,,,,,,,,,,,,,,,,
,,,,,,,,,,,,,,,,,,,,,,,,,,,,,
,,,,,,,,,,,,,,,,,,,,,,,,,,,,,
,,,,,,,,,,,,,,,,,,,,,,,,,,,,,
,,,,,,,,,,,,,,,,,,,,,,,,,,,,,
,,,,,,,,,,,,,,,,,,,,,,,,,,,,,
,,,,,,,,,,,,,,,,,,,,,,,,,,,,,
,,,,,,,,,,,,,,,,,,,,,,,,,,,,,
,,,,,,,,,,,,,,,,,,,,,,,,,,,,,
,,,,,,,,,,,,,,,,,,,,,,,,,,,,,
,,,,,,,,,,,,,,,,,,,,,,,,,,,,,
,,,,,,,,,,,,,,,,,,,,,,,,,,,,,
,,,,,,,,,,,,,,,,,,,,,,,,,,,,,
,,,,,,,,,,,,,,,,,,,,,,,,,,,,,
,,,,,,,,,,,,,,,,,,,,,,,,,,,,,
,,,,,,,,,,,,,,,,,,,,,,,,,,,,,
,,,,,,,,,,,,,,,,,,,,,,,,,,,,,
,,,,,,,,,,,,,,,,,,,,,,,,,,,,,
,,,,,,,,,,,,,,,,,,,,,,,,,,,,,
,,,,,,,,,,,,,,,,,,,,,,,,,,,,,
,,,,,,,,,,,,,,,,,,,,,,,,,,,,,
,,,,,,,,,,,,,,,,,,,,,,,,,,,,,
,,,,,,,,,,,,,,,,,,,,,,,,,,,,,
,,,,,,,,,,,,,,,,,,,,,,,,,,,,,
,,,,,,,,,,,,,,,,,,,,,,,,,,,,,
,,,,,,,,,,,,,,,,,,,,,,,,,,,,,
,,,,,,,,,,,,,,,,,,,,,,,,,,,,,
,,,,,,,,,,,,,,,,,,,,,,,,,,,,,
,,,,,,,,,,,,,,,,,,,,,,,,,,,,,
,,,,,,,,,,,,,,,,,,,,,,,,,,,,,
,,,,,,,,,,,,,,,,,,,,,,,,,,,,,
,,,,,,,,,,,,,,,,,,,,,,,,,,,,,
,,,,,,,,,,,,,,,,,,,,,,,,,,,,,
,,,,,,,,,,,,,,,,,,,,,,,,,,,,,
,,,,,,,,,,,,,,,,,,,,,,,,,,,,,
,,,,,,,,,,,,,,,,,,,,,,,,,,,,,
,,,,,,,,,,,,,,,,,,,,,,,,,,,,,
,,,,,,,,,,,,,,,,,,,,,,,,,,,,,
,,,,,,,,,,,,,,,,,,,,,,,,,,,,,
,,,,,,,,,,,,,,,,,,,,,,,,,,,,,
,,,,,,,,,,,,,,,,,,,,,,,,,,,,,
,,,,,,,,,,,,,,,,,,,,,,,,,,,,,
,,,,,,,,,,,,,,,,,,,,,,,,,,,,,
,,,,,,,,,,,,,,,,,,,,,,,,,,,,,
,,,,,,,,,,,,,,,,,,,,,,,,,,,,,
,,,,,,,,,,,,,,,,,,,,,,,,,,,,,
,,,,,,,,,,,,,,,,,,,,,,,,,,,,,
,,,,,,,,,,,,,,,,,,,,,,,,,,,,,
,,,,,,,,,,,,,,,,,,,,,,,,,,,,,
,,,,,,,,,,,,,,,,,,,,,,,,,,,,,
,,,,,,,,,,,,,,,,,,,,,,,,,,,,,
,,,,,,,,,,,,,,,,,,,,,,,,,,,,,
,,,,,,,,,,,,,,,,,,,,,,,,,,,,,
,,,,,,,,,,,,,,,,,,,,,,,,,,,,,
,,,,,,,,,,,,,,,,,,,,,,,,,,,,,
,,,,,,,,,,,,,,,,,,,,,,,,,,,,,
,,,,,,,,,,,,,,,,,,,,,,,,,,,,,
,,,,,,,,,,,,,,,,,,,,,,,,,,,,,
,,,,,,,,,,,,,,,,,,,,,,,,,,,,,
,,,,,,,,,,,,,,,,,,,,,,,,,,,,,
,,,,,,,,,,,,,,,,,,,,,,,,,,,,,
,,,,,,,,,,,,,,,,,,,,,,,,,,,,,
,,,,,,,,,,,,,,,,,,,,,,,,,,,,,
,,,,,,,,,,,,,,,,,,,,,,,,,,,,,
,,,,,,,,,,,,,,,,,,,,,,,,,,,,,
,,,,,,,,,,,,,,,,,,,,,,,,,,,,,
,,,,,,,,,,,,,,,,,,,,,,,,,,,,,
,,,,,,,,,,,,,,,,,,,,,,,,,,,,,
,,,,,,,,,,,,,,,,,,,,,,,,,,,,,
,,,,,,,,,,,,,,,,,,,,,,,,,,,,,
,,,,,,,,,,,,,,,,,,,,,,,,,,,,,
,,,,,,,,,,,,,,,,,,,,,,,,,,,,,
,,,,,,,,,,,,,,,,,,,,,,,,,,,,,
,,,,,,,,,,,,,,,,,,,,,,,,,,,,,
,,,,,,,,,,,,,,,,,,,,,,,,,,,,,
,,,,,,,,,,,,,,,,,,,,,,,,,,,,,
,,,,,,,,,,,,,,,,,,,,,,,,,,,,,
,,,,,,,,,,,,,,,,,,,,,,,,,,,,,
,,,,,,,,,,,,,,,,,,,,,,,,,,,,,
,,,,,,,,,,,,,,,,,,,,,,,,,,,,,
,,,,,,,,,,,,,,,,,,,,,,,,,,,,,
,,,,,,,,,,,,,,,,,,,,,,,,,,,,,
,,,,,,,,,,,,,,,,,,,,,,,,,,,,,
,,,,,,,,,,,,,,,,,,,,,,,,,,,,,
,,,,,,,,,,,,,,,,,,,,,,,,,,,,,
,,,,,,,,,,,,,,,,,,,,,,,,,,,,,
,,,,,,,,,,,,,,,,,,,,,,,,,,,,,
,,,,,,,,,,,,,,,,,,,,,,,,,,,,,
,,,,,,,,,,,,,,,,,,,,,,,,,,,,,
,,,,,,,,,,,,,,,,,,,,,,,,,,,,,
,,,,,,,,,,,,,,,,,,,,,,,,,,,,,
,,,,,,,,,,,,,,,,,,,,,,,,,,,,,
,,,,,,,,,,,,,,,,,,,,,,,,,,,,,
,,,,,,,,,,,,,,,,,,,,,,,,,,,,,
,,,,,,,,,,,,,,,,,,,,,,,,,,,,,
,,,,,,,,,,,,,,,,,,,,,,,,,,,,,
,,,,,,,,,,,,,,,,,,,,,,,,,,,,,
,,,,,,,,,,,,,,,,,,,,,,,,,,,,,
,,,,,,,,,,,,,,,,,,,,,,,,,,,,,
,,,,,,,,,,,,,,,,,,,,,,,,,,,,,
,,,,,,,,,,,,,,,,,,,,,,,,,,,,,
,,,,,,,,,,,,,,,,,,,,,,,,,,,,,
,,,,,,,,,,,,,,,,,,,,,,,,,,,,,
,,,,,,,,,,,,,,,,,,,,,,,,,,,,,
,,,,,,,,,,,,,,,,,,,,,,,,,,,,,
,,,,,,,,,,,,,,,,,,,,,,,,,,,,,
,,,,,,,,,,,,,,,,,,,,,,,,,,,,,
,,,,,,,,,,,,,,,,,,,,,,,,,,,,,
,,,,,,,,,,,,,,,,,,,,,,,,,,,,,
,,,,,,,,,,,,,,,,,,,,,,,,,,,,,
,,,,,,,,,,,,,,,,,,,,,,,,,,,,,
,,,,,,,,,,,,,,,,,,,,,,,,,,,,,
,,,,,,,,,,,,,,,,,,,,,,,,,,,,,
,,,,,,,,,,,,,,,,,,,,,,,,,,,,,
,,,,,,,,,,,,,,,,,,,,,,,,,,,,,
,,,,,,,,,,,,,,,,,,,,,,,,,,,,,
,,,,,,,,,,,,,,,,,,,,,,,,,,,,,
,,,,,,,,,,,,,,,,,,,,,,,,,,,,,
,,,,,,,,,,,,,,,,,,,,,,,,,,,,,
,,,,,,,,,,,,,,,,,,,,,,,,,,,,,
,,,,,,,,,,,,,,,,,,,,,,,,,,,,,
,,,,,,,,,,,,,,,,,,,,,,,,,,,,,
,,,,,,,,,,,,,,,,,,,,,,,,,,,,,
,,,,,,,,,,,,,,,,,,,,,,,,,,,,,
,,,,,,,,,,,,,,,,,,,,,,,,,,,,,
,,,,,,,,,,,,,,,,,,,,,,,,,,,,,
,,,,,,,,,,,,,,,,,,,,,,,,,,,,,
,,,,,,,,,,,,,,,,,,,,,,,,,,,,,
,,,,,,,,,,,,,,,,,,,,,,,,,,,,,
,,,,,,,,,,,,,,,,,,,,,,,,,,,,,
,,,,,,,,,,,,,,,,,,,,,,,,,,,,,
,,,,,,,,,,,,,,,,,,,,,,,,,,,,,
,,,,,,,,,,,,,,,,,,,,,,,,,,,,,
,,,,,,,,,,,,,,,,,,,,,,,,,,,,,
,,,,,,,,,,,,,,,,,,,,,,,,,,,,,
,,,,,,,,,,,,,,,,,,,,,,,,,,,,,
,,,,,,,,,,,,,,,,,,,,,,,,,,,,,
,,,,,,,,,,,,,,,,,,,,,,,,,,,,,
,,,,,,,,,,,,,,,,,,,,,,,,,,,,,
,,,,,,,,,,,,,,,,,,,,,,,,,,,,,
,,,,,,,,,,,,,,,,,,,,,,,,,,,,,
,,,,,,,,,,,,,,,,,,,,,,,,,,,,,
,,,,,,,,,,,,,,,,,,,,,,,,,,,,,
,,,,,,,,,,,,,,,,,,,,,,,,,,,,,
,,,,,,,,,,,,,,,,,,,,,,,,,,,,,
,,,,,,,,,,,,,,,,,,,,,,,,,,,,,
,,,,,,,,,,,,,,,,,,,,,,,,,,,,,
,,,,,,,,,,,,,,,,,,,,,,,,,,,,,
,,,,,,,,,,,,,,,,,,,,,,,,,,,,,
,,,,,,,,,,,,,,,,,,,,,,,,,,,,,
,,,,,,,,,,,,,,,,,,,,,,,,,,,,,
,,,,,,,,,,,,,,,,,,,,,,,,,,,,,
,,,,,,,,,,,,,,,,,,,,,,,,,,,,,
,,,,,,,,,,,,,,,,,,,,,,,,,,,,,
,,,,,,,,,,,,,,,,,,,,,,,,,,,,,
,,,,,,,,,,,,,,,,,,,,,,,,,,,,,
,,,,,,,,,,,,,,,,,,,,,,,,,,,,,
,,,,,,,,,,,,,,,,,,,,,,,,,,,,,
,,,,,,,,,,,,,,,,,,,,,,,,,,,,,
,,,,,,,,,,,,,,,,,,,,,,,,,,,,,
,,,,,,,,,,,,,,,,,,,,,,,,,,,,,
,,,,,,,,,,,,,,,,,,,,,,,,,,,,,
,,,,,,,,,,,,,,,,,,,,,,,,,,,,,
,,,,,,,,,,,,,,,,,,,,,,,,,,,,,
,,,,,,,,,,,,,,,,,,,,,,,,,,,,,
,,,,,,,,,,,,,,,,,,,,,,,,,,,,,
,,,,,,,,,,,,,,,,,,,,,,,,,,,,,
,,,,,,,,,,,,,,,,,,,,,,,,,,,,,
,,,,,,,,,,,,,,,,,,,,,,,,,,,,,
,,,,,,,,,,,,,,,,,,,,,,,,,,,,,
,,,,,,,,,,,,,,,,,,,,,,,,,,,,,
,,,,,,,,,,,,,,,,,,,,,,,,,,,,,
,,,,,,,,,,,,,,,,,,,,,,,,,,,,,
,,,,,,,,,,,,,,,,,,,,,,,,,,,,,
,,,,,,,,,,,,,,,,,,,,,,,,,,,,,
,,,,,,,,,,,,,,,,,,,,,,,,,,,,,
,,,,,,,,,,,,,,,,,,,,,,,,,,,,,
,,,,,,,,,,,,,,,,,,,,,,,,,,,,,
,,,,,,,,,,,,,,,,,,,,,,,,,,,,,
,,,,,,,,,,,,,,,,,,,,,,,,,,,,,
,,,,,,,,,,,,,,,,,,,,,,,,,,,,,
,,,,,,,,,,,,,,,,,,,,,,,,,,,,,
,,,,,,,,,,,,,,,,,,,,,,,,,,,,,
,,,,,,,,,,,,,,,,,,,,,,,,,,,,,
,,,,,,,,,,,,,,,,,,,,,,,,,,,,,
,,,,,,,,,,,,,,,,,,,,,,,,,,,,,
,,,,,,,,,,,,,,,,,,,,,,,,,,,,,
,,,,,,,,,,,,,,,,,,,,,,,,,,,,,
,,,,,,,,,,,,,,,,,,,,,,,,,,,,,
,,,,,,,,,,,,,,,,,,,,,,,,,,,,,
,,,,,,,,,,,,,,,,,,,,,,,,,,,,,
,,,,,,,,,,,,,,,,,,,,,,,,,,,,,
,,,,,,,,,,,,,,,,,,,,,,,,,,,,,
,,,,,,,,,,,,,,,,,,,,,,,,,,,,,
,,,,,,,,,,,,,,,,,,,,,,,,,,,,,
,,,,,,,,,,,,,,,,,,,,,,,,,,,,,
,,,,,,,,,,,,,,,,,,,,,,,,,,,,,
,,,,,,,,,,,,,,,,,,,,,,,,,,,,,
,,,,,,,,,,,,,,,,,,,,,,,,,,,,,
,,,,,,,,,,,,,,,,,,,,,,,,,,,,,
,,,,,,,,,,,,,,,,,,,,,,,,,,,,,
,,,,,,,,,,,,,,,,,,,,,,,,,,,,,
,,,,,,,,,,,,,,,,,,,,,,,,,,,,,
,,,,,,,,,,,,,,,,,,,,,,,,,,,,,
,,,,,,,,,,,,,,,,,,,,,,,,,,,,,
,,,,,,,,,,,,,,,,,,,,,,,,,,,,,
,,,,,,,,,,,,,,,,,,,,,,,,,,,,,
,,,,,,,,,,,,,,,,,,,,,,,,,,,,,
,,,,,,,,,,,,,,,,,,,,,,,,,,,,,
,,,,,,,,,,,,,,,,,,,,,,,,,,,,,
,,,,,,,,,,,,,,,,,,,,,,,,,,,,,
,,,,,,,,,,,,,,,,,,,,,,,,,,,,,
,,,,,,,,,,,,,,,,,,,,,,,,,,,,,
,,,,,,,,,,,,,,,,,,,,,,,,,,,,,
,,,,,,,,,,,,,,,,,,,,,,,,,,,,,
,,,,,,,,,,,,,,,,,,,,,,,,,,,,,
,,,,,,,,,,,,,,,,,,,,,,,,,,,,,
,,,,,,,,,,,,,,,,,,,,,,,,,,,,,
,,,,,,,,,,,,,,,,,,,,,,,,,,,,,
,,,,,,,,,,,,,,,,,,,,,,,,,,,,,
,,,,,,,,,,,,,,,,,,,,,,,,,,,,,
,,,,,,,,,,,,,,,,,,,,,,,,,,,,,
,,,,,,,,,,,,,,,,,,,,,,,,,,,,,
,,,,,,,,,,,,,,,,,,,,,,,,,,,,,
,,,,,,,,,,,,,,,,,,,,,,,,,,,,,
,,,,,,,,,,,,,,,,,,,,,,,,,,,,,
,,,,,,,,,,,,,,,,,,,,,,,,,,,,,
,,,,,,,,,,,,,,,,,,,,,,,,,,,,,
,,,,,,,,,,,,,,,,,,,,,,,,,,,,,
,,,,,,,,,,,,,,,,,,,,,,,,,,,,,
,,,,,,,,,,,,,,,,,,,,,,,,,,,,,
,,,,,,,,,,,,,,,,,,,,,,,,,,,,,
,,,,,,,,,,,,,,,,,,,,,,,,,,,,,
,,,,,,,,,,,,,,,,,,,,,,,,,,,,,
,,,,,,,,,,,,,,,,,,,,,,,,,,,,,
,,,,,,,,,,,,,,,,,,,,,,,,,,,,,
,,,,,,,,,,,,,,,,,,,,,,,,,,,,,
,,,,,,,,,,,,,,,,,,,,,,,,,,,,,
,,,,,,,,,,,,,,,,,,,,,,,,,,,,,
,,,,,,,,,,,,,,,,,,,,,,,,,,,,,
,,,,,,,,,,,,,,,,,,,,,,,,,,,,,
,,,,,,,,,,,,,,,,,,,,,,,,,,,,,
,,,,,,,,,,,,,,,,,,,,,,,,,,,,,
,,,,,,,,,,,,,,,,,,,,,,,,,,,,,
,,,,,,,,,,,,,,,,,,,,,,,,,,,,,
,,,,,,,,,,,,,,,,,,,,,,,,,,,,,
,,,,,,,,,,,,,,,,,,,,,,,,,,,,,
,,,,,,,,,,,,,,,,,,,,,,,,,,,,,
,,,,,,,,,,,,,,,,,,,,,,,,,,,,,
,,,,,,,,,,,,,,,,,,,,,,,,,,,,,
,,,,,,,,,,,,,,,,,,,,,,,,,,,,,
,,,,,,,,,,,,,,,,,,,,,,,,,,,,,
,,,,,,,,,,,,,,,,,,,,,,,,,,,,,
,,,,,,,,,,,,,,,,,,,,,,,,,,,,,
,,,,,,,,,,,,,,,,,,,,,,,,,,,,,
,,,,,,,,,,,,,,,,,,,,,,,,,,,,,
,,,,,,,,,,,,,,,,,,,,,,,,,,,,,
,,,,,,,,,,,,,,,,,,,,,,,,,,,,,
,,,,,,,,,,,,,,,,,,,,,,,,,,,,,
,,,,,,,,,,,,,,,,,,,,,,,,,,,,,
,,,,,,,,,,,,,,,,,,,,,,,,,,,,,
,,,,,,,,,,,,,,,,,,,,,,,,,,,,,
,,,,,,,,,,,,,,,,,,,,,,,,,,,,,
,,,,,,,,,,,,,,,,,,,,,,,,,,,,,
,,,,,,,,,,,,,,,,,,,,,,,,,,,,,
,,,,,,,,,,,,,,,,,,,,,,,,,,,,,
,,,,,,,,,,,,,,,,,,,,,,,,,,,,,
,,,,,,,,,,,,,,,,,,,,,,,,,,,,,
,,,,,,,,,,,,,,,,,,,,,,,,,,,,,
,,,,,,,,,,,,,,,,,,,,,,,,,,,,,
,,,,,,,,,,,,,,,,,,,,,,,,,,,,,
,,,,,,,,,,,,,,,,,,,,,,,,,,,,,
,,,,,,,,,,,,,,,,,,,,,,,,,,,,,
,,,,,,,,,,,,,,,,,,,,,,,,,,,,,
,,,,,,,,,,,,,,,,,,,,,,,,,,,,,
,,,,,,,,,,,,,,,,,,,,,,,,,,,,,
,,,,,,,,,,,,,,,,,,,,,,,,,,,,,
